"acidity","clarity","afterTaste","price","taste"
60,68,64,79,87
67,54,37,61,95
32,33,68,92,53
82,67,76,28,99
65,94,47,86,80
67,5,75,83,13
55,21,94,87,3
24,60,3,35,29
6,80,74,30,28
41,35,64,83,72
74,13,13,77,14
7,95,10,39,97
87,49,53,96,70
40,29,50,36,41
60,8,72,48,50
61,85,40,45,90
20,30,69,100,68
3,83,27,70,28
58,7,86,60,78
21,97,79,56,43
36,78,82,77,29
52,21,59,20,86
22,57,81,20,35
18,56,56,95,98
17,91,4,20,43
45,2,100,90,24
100,90,59,60,96
42,4,81,27,1
97,66,64,82,31
93,8,82,70,18
88,7,84,32,48
48,35,18,32,37
36,86,21,91,48
2,13,66,76,75
54,20,88,21,3
42,45,70,57,8
72,52,25,22,34
80,96,30,20,57
57,94,70,97,47
87,18,54,93,91
28,30,77,35,15
5,51,71,76,5
14,29,63,12,37
95,41,99,66,97
16,80,73,11,75
2,32,25,12,40
33,76,54,48,80
66,13,51,19,96
19,30,45,14,1
77,66,55,36,24
43,93,71,100,73
9,31,52,84,35
94,21,55,48,53
24,12,71,5,86
64,67,31,22,87
24,62,3,35,68
87,22,62,88,25
90,68,41,18,83
35,4,35,53,72
76,68,26,73,92
100,27,18,93,53
77,57,18,98,19
78,77,21,89,3
24,87,16,67,45
41,70,12,56,63
16,48,100,30,37
29,18,18,94,58
14,3,78,96,38
75,44,17,12,53
47,17,89,63,29
8,79,87,46,50
31,42,43,48,64
92,63,24,95,45
20,85,46,44,72
57,1,18,82,23
34,24,47,64,94
54,100,44,78,83
14,43,91,7,42
34,2,72,96,100
77,38,67,8,42
5,20,95,56,32
68,9,71,76,89
48,83,97,84,55
61,21,15,8,68
10,86,10,88,26
69,99,48,38,86
92,20,12,17,91
17,30,88,72,86
65,1,3,97,99
92,39,65,12,1
2,48,81,52,77
98,80,40,70,9
74,84,21,51,64
63,63,70,26,99
39,31,69,72,95
85,65,31,10,42
91,68,71,87,68
58,79,20,65,78
24,96,15,3,57
99,24,42,29,79
81,30,84,1,40
85,19,55,23,19
3,92,48,13,14
93,29,76,61,67
64,69,54,36,12
67,67,24,88,10
38,84,42,49,46
31,97,98,72,22
61,38,66,83,37
20,61,66,16,91
58,77,68,62,96
11,7,11,1,77
36,50,78,21,76
25,88,75,15,93
93,12,2,33,43
4,34,40,48,72
60,87,86,32,53
96,45,78,35,41
38,31,98,33,71
79,9,19,34,85
77,81,14,3,67
60,83,57,42,48
44,11,9,65,70
94,60,14,29,78
24,51,21,30,39
71,88,100,56,4
67,10,66,88,7
33,18,93,53,68
23,71,12,65,66
14,48,66,75,71
44,1,9,62,47
66,44,75,95,52
31,85,74,82,80
41,51,44,1,97
52,58,75,6,33
59,29,100,32,28
32,83,10,56,2
7,45,12,72,51
39,32,9,78,95
44,7,39,81,82
72,30,27,23,34
14,62,26,49,95
58,90,35,87,90
10,78,84,10,5
6,96,97,43,59
53,67,91,82,95
88,8,72,1,3
38,22,98,69,90
57,9,89,23,62
58,32,45,75,65
90,15,85,77,16
90,35,78,73,22
38,84,82,7,67
2,25,56,63,75
63,43,74,80,24
49,60,55,34,94
68,89,15,37,64
29,20,98,81,7
88,39,21,5,57
99,62,8,78,77
15,6,91,20,97
48,18,75,67,7
39,99,59,13,58
1,59,58,53,44
73,26,49,34,91
40,16,32,93,83
94,98,44,83,41
37,59,97,41,7
87,40,67,35,7
6,90,53,42,20
96,34,83,64,71
37,88,42,43,84
89,18,39,26,34
4,60,16,67,55
11,18,33,32,49
42,84,38,41,16
63,43,56,28,88
75,13,93,50,94
19,59,37,55,94
43,92,32,31,80
7,92,97,48,19
25,54,49,89,86
22,13,95,43,41
26,62,87,14,89
88,59,46,65,18
23,54,38,36,97
13,56,90,6,77
61,13,100,1,86
19,75,79,75,87
54,94,15,10,85
4,57,61,64,64
85,72,25,52,28
54,27,86,96,10
74,66,87,57,63
98,58,8,89,25
53,60,74,77,70
32,11,74,27,27
38,3,8,47,47
68,57,84,56,20
50,79,56,6,27
11,63,7,5,61
11,44,74,26,15
38,95,98,46,82
13,21,26,17,65
45,35,88,76,85
2,5,21,65,97
46,74,67,54,61
56,80,10,15,60
80,48,36,8,74
6,33,99,2,22
53,94,37,89,29
47,97,24,88,69
82,30,86,87,20
71,28,4,32,71
35,40,85,35,99
58,89,4,39,10
32,83,27,22,76
55,1,29,5,14
49,32,21,97,30
93,62,100,70,57
12,28,16,65,64
63,26,11,10,75
70,19,43,69,21
36,62,77,62,10
17,64,11,36,98
92,15,69,13,77
68,37,5,39,63
97,18,63,31,14
6,12,56,38,85
49,100,19,93,81
14,32,70,76,30
98,72,90,8,73
1,57,4,5,15
81,48,38,5,24
90,68,24,58,10
17,46,63,84,97
83,46,37,97,74
42,93,4,83,43
55,86,84,14,5
21,8,27,56,90
11,18,47,78,26
79,95,7,49,53
77,22,93,48,37
52,89,21,33,76
43,22,88,71,9
97,17,5,80,70
88,58,64,14,67
48,48,14,7,93
58,32,93,54,51
39,85,61,24,56
72,23,41,87,77
37,34,28,81,58
14,70,10,27,66
83,40,84,99,97
43,92,87,4,47
14,90,48,80,3
45,30,48,30,34
69,24,19,99,97
93,70,13,51,30
4,23,5,8,16
9,5,51,33,40
25,98,47,31,23
24,12,77,59,77
92,98,44,44,93
20,98,33,85,61
24,92,84,93,71
40,73,92,86,55
12,75,18,42,32
97,79,1,49,73
19,36,38,92,28
45,99,79,64,59
25,15,64,72,6
98,18,13,6,94
53,9,91,17,89
79,81,56,13,10
27,59,13,14,39
43,47,16,6,32
9,31,22,87,29
16,20,44,72,89
33,15,21,61,9
24,80,9,38,8
14,1,85,24,96
23,39,87,47,47
64,10,82,68,29
69,28,29,76,20
89,27,29,93,61
26,61,64,66,59
93,44,10,26,26
30,51,90,76,53
16,65,2,60,48
91,86,46,4,8
36,86,87,98,6
5,61,62,90,87
81,28,10,70,11
75,87,94,86,50
21,4,90,81,62
3,74,36,62,67
78,79,56,7,30
60,83,75,84,44
68,99,100,82,44
47,94,46,10,97
2,91,37,58,4
27,38,37,90,34
75,74,48,20,90
55,94,84,95,71
33,83,79,58,11
25,70,52,44,10
14,92,9,12,22
20,10,2,85,12
76,9,90,76,14
24,44,94,86,22
85,90,74,76,92
20,66,9,3,54
28,20,81,67,69
14,8,59,72,87
72,81,3,8,48
77,3,50,29,57
26,40,64,25,9
69,94,69,64,85
53,84,85,42,5
51,44,60,94,17
3,69,76,45,10
68,84,93,48,53
15,28,15,79,1
17,44,46,2,27
36,6,15,52,38
24,60,28,3,92
88,56,53,42,56
13,14,91,57,3
64,88,36,69,69
91,93,26,32,79
72,43,51,6,7
72,30,4,74,44
13,68,37,18,36
51,80,72,57,42
69,85,70,96,51
67,66,38,82,86
91,68,94,44,56
34,57,26,37,68
91,76,31,40,12
37,80,98,33,32
33,42,71,25,47
72,72,23,72,57
16,73,81,69,83
93,35,84,22,89
81,62,56,1,31
15,90,37,29,36
61,78,45,41,22
16,41,20,92,72
30,38,44,36,74
22,33,66,12,59
57,35,81,58,37
96,5,94,61,13
18,89,9,73,69
20,87,65,17,19
85,85,63,55,18
6,34,75,65,53
58,66,27,37,68
40,14,41,72,58
66,13,85,64,15
68,94,98,3,11
4,94,7,75,15
46,4,15,23,46
36,18,61,74,52
72,47,35,66,63
68,37,15,69,47
50,8,28,30,1
16,89,42,22,2
25,96,47,59,20
89,38,28,80,74
18,88,20,78,12
26,18,67,66,46
59,84,29,36,95
52,83,54,50,10
37,5,48,30,13
71,71,51,22,39
42,65,16,33,45
79,30,27,87,18
58,36,13,30,65
83,13,78,71,96
39,68,45,91,61
43,50,4,63,71
80,17,7,31,67
88,4,5,38,2
66,60,62,31,61
49,79,63,67,84
68,26,53,66,75
100,55,37,24,9
21,92,100,14,54
52,52,44,22,58
21,35,52,22,87
40,40,82,36,54
90,30,87,1,13
49,61,21,43,100
15,15,64,24,45
32,40,60,47,37
6,41,50,53,1
12,8,21,54,99
45,51,52,76,74
81,4,68,58,45
42,94,18,13,76
29,19,85,45,64
87,41,80,66,64
95,2,37,39,87
87,67,43,36,26
91,42,46,50,53
10,73,57,95,82
34,90,83,86,100
18,55,82,59,90
28,4,3,40,31
72,34,34,78,21
89,59,49,46,37
33,62,24,31,83
66,37,4,48,35
3,63,23,44,32
16,97,32,58,45
80,98,74,77,97
62,80,3,72,21
73,76,56,25,29
13,62,19,45,38
54,65,20,18,29
92,32,39,87,99
55,62,46,27,25
95,98,98,33,75
52,93,3,14,57
8,51,90,29,30
67,14,17,97,44
44,84,53,27,42
87,73,17,59,41
36,68,62,79,98
3,89,43,34,41
96,48,65,80,85
12,74,25,50,77
48,18,82,69,63
25,17,57,8,47
25,20,41,41,91
29,34,96,72,88
34,87,7,47,82
15,37,54,24,13
2,27,44,38,10
79,10,91,77,48
62,19,76,80,96
8,69,100,56,24
54,1,7,4,92
10,39,70,81,27
86,64,19,90,84
30,9,14,81,32
29,48,68,22,80
68,94,50,97,80
3,99,88,2,67
52,43,96,7,10
75,41,57,21,77
52,40,52,55,47
11,69,87,92,11
53,67,88,33,46
8,41,74,26,78
53,23,26,62,3
47,8,62,23,12
30,62,2,46,87
15,91,13,17,41
83,100,53,77,3
11,62,30,51,87
55,26,53,37,81
44,17,88,35,59
94,95,95,66,28
94,80,40,18,48
14,89,94,43,32
57,45,65,28,86
64,5,2,76,44
66,9,33,54,35
98,28,88,100,78
54,7,56,53,42
45,37,40,37,11
30,1,100,7,70
54,48,20,75,88
87,38,54,29,65
25,38,63,56,83
52,2,33,9,4
82,13,30,58,71
97,67,17,27,55
83,63,71,26,71
61,41,50,80,9
62,30,30,38,39
64,22,41,95,53
90,7,94,96,96
16,3,51,80,94
71,2,66,54,80
66,60,67,45,55
44,38,2,72,88
5,30,33,96,53
69,1,13,45,2
82,75,11,7,69
21,64,9,24,11
77,77,10,81,16
37,95,25,19,54
100,74,51,45,52
91,54,58,35,25
15,20,2,47,60
8,20,59,79,31
78,79,63,57,26
77,52,18,75,51
45,50,39,61,3
21,37,20,80,7
97,82,31,16,5
15,53,72,9,52
73,69,25,53,33
46,19,11,55,32
63,93,53,16,84
17,90,76,15,54
36,6,62,45,91
63,21,55,82,79
33,60,87,13,72
27,47,48,35,49
96,43,25,67,21
83,89,94,20,24
41,62,27,78,64
83,8,36,57,1
32,92,70,76,45
100,100,6,2,21
93,24,38,11,79
49,23,1,29,6
86,17,34,91,10
16,69,69,63,42
18,19,14,10,71
20,7,59,92,83
70,17,11,43,10
91,47,84,36,47
54,38,30,90,76
36,54,7,9,82
15,72,81,69,5
14,100,63,76,82
39,75,27,92,31
87,92,79,27,82
30,94,81,34,85
40,24,44,2,68
89,83,49,40,44
28,46,76,35,35
80,88,44,41,55
86,67,37,23,91
13,45,90,64,24
30,30,19,13,88
49,27,72,26,88
16,27,23,72,5
62,10,40,37,57
46,61,83,68,70
98,71,81,89,34
76,75,96,56,22
82,68,53,71,29
71,35,62,16,14
60,19,10,93,61
77,46,41,12,19
32,7,46,14,4
74,16,29,88,61
74,10,97,57,95
25,45,14,61,8
56,82,69,41,51
92,67,21,76,12
70,5,41,78,77
17,44,99,12,55
58,35,44,78,84
93,98,79,94,44
59,48,95,37,19
61,4,12,91,67
34,41,6,54,54
93,90,38,87,98
15,78,49,15,38
43,80,23,96,87
86,20,54,51,10
2,16,24,23,38
66,16,10,97,50
25,90,84,86,37
93,48,52,1,25
60,21,82,46,91
5,49,92,37,92
27,93,24,47,30
56,41,95,42,33
14,77,1,37,27
37,51,10,4,51
91,95,2,95,85
23,23,5,50,85
10,18,2,45,86
10,80,96,36,11
14,28,30,67,58
43,85,92,28,61
48,98,39,3,1
85,69,51,31,16
86,24,18,70,81
30,12,94,61,86
13,85,67,87,86
89,91,3,6,70
61,20,5,94,3
2,55,25,91,45
16,26,41,40,30
96,69,54,52,100
80,66,14,37,77
9,71,29,53,18
69,26,11,41,3
11,94,13,44,49
96,14,68,9,68
53,68,30,80,38
29,45,10,89,27
63,29,86,5,34
11,29,9,15,28
37,95,6,19,59
1,26,2,41,32
75,25,26,4,13
9,20,41,10,41
5,75,9,78,5
90,23,21,29,2
39,98,64,34,96
51,41,76,77,17
50,73,92,6,96
79,46,25,27,76
25,75,15,94,11
19,30,95,72,77
32,77,81,70,2
38,18,27,94,5
19,72,54,39,61
17,35,4,27,7
50,29,36,22,27
83,51,14,90,100
16,41,95,42,76
89,98,44,51,40
65,58,89,94,15
37,14,1,25,22
3,89,20,19,17
31,20,44,31,44
38,43,4,35,30
43,51,23,51,70
13,62,95,66,65
14,89,51,47,53
24,26,53,8,23
79,53,17,76,54
9,95,52,58,89
64,8,73,31,48
5,51,5,35,20
39,4,40,26,66
2,13,56,73,29
76,20,74,28,38
27,3,39,32,84
79,14,36,15,97
32,6,44,88,32
24,90,1,91,1
49,4,37,58,57
66,81,61,9,7
60,12,5,95,92
17,65,54,81,44
80,96,6,98,64
69,8,61,64,43
10,67,24,32,81
79,32,5,76,35
38,57,57,9,28
57,17,87,37,85
64,74,61,18,40
83,25,37,66,23
86,36,49,27,1
21,74,86,46,33
17,57,5,54,91
49,38,55,50,78
17,9,38,67,8
59,54,47,15,82
18,21,52,78,16
51,93,67,96,46
90,76,13,79,88
11,59,13,64,90
1,77,65,60,53
67,9,31,16,35
33,51,99,97,96
58,96,81,86,57
12,95,77,15,53
26,53,36,74,34
55,67,94,45,15
63,94,92,46,78
56,89,60,97,27
34,30,57,18,74
50,62,80,25,95
96,64,100,48,25
58,86,83,69,13
58,48,65,16,53
8,89,83,36,21
63,7,24,73,70
100,70,71,70,32
68,16,28,84,51
39,27,17,86,94
48,58,76,48,55
93,35,96,82,3
95,99,34,93,42
96,51,6,5,17
26,81,65,7,94
62,95,56,94,64
79,37,54,88,51
48,74,83,58,40
66,28,34,63,59
74,23,48,26,96
76,14,25,38,49
17,28,94,13,49
66,96,35,69,10
67,86,99,92,80
9,94,100,90,83
29,52,29,62,64
46,90,51,16,34
37,54,38,6,66
24,100,90,40,73
22,20,94,87,51
38,79,100,38,14
99,27,30,45,7
54,31,97,46,7
23,93,86,65,45
28,52,94,38,60
51,32,94,83,100
9,33,38,29,78
72,84,2,54,46
43,15,90,17,50
33,35,64,86,15
34,63,99,28,71
47,36,93,73,66
25,82,71,45,94
9,17,99,97,55
20,52,73,99,86
11,58,72,90,52
16,98,13,10,39
75,48,3,75,38
47,55,73,61,39
58,6,59,78,82
39,11,97,69,55
52,28,45,20,74
15,46,69,11,1
87,18,42,39,86
59,54,95,28,83
7,23,9,49,66
6,37,82,72,55
93,80,53,68,38
62,98,13,81,46
97,14,82,3,93
98,39,8,11,82
15,100,47,15,37
53,15,44,23,13
82,94,39,100,53
40,42,75,21,18
61,45,55,87,80
10,25,10,13,98
15,99,9,6,8
56,45,98,21,73
11,21,67,25,20
36,70,50,49,7
58,19,28,62,80
99,98,29,40,75
78,11,75,98,59
28,69,96,13,9
90,67,25,64,94
49,42,12,41,47
20,86,71,13,45
1,84,78,94,8
95,49,69,76,28
43,33,93,61,48
70,3,61,56,55
62,55,90,65,60
17,24,20,87,80
59,2,24,90,46
29,97,10,65,75
30,72,41,75,42
24,99,65,95,6
79,57,38,23,73
84,35,91,13,58
59,23,98,26,9
32,82,59,72,45
19,87,24,69,61
48,5,6,17,56
19,36,16,40,14
43,22,71,86,6
37,100,3,53,30
27,29,21,30,16
53,59,9,24,5
48,4,58,96,45
50,84,46,40,3
84,19,99,91,53
82,22,81,70,92
98,21,48,91,50
40,51,99,11,51
65,44,30,12,61
93,51,6,44,26
7,94,81,95,40
57,69,5,34,76
79,84,26,86,47
49,47,98,47,34
34,70,61,22,63
48,44,65,40,7
95,82,89,28,49
11,97,41,98,42
6,2,90,59,95
3,31,92,1,39
3,61,93,22,88
4,43,3,26,54
3,41,79,79,82
10,31,63,6,63
11,14,91,57,4
38,20,98,54,80
64,12,7,38,37
88,35,72,92,62
60,78,10,35,91
100,50,76,74,62
12,24,69,29,31
22,8,62,30,76
61,43,28,57,79
67,96,45,54,42
49,68,56,98,76
9,47,94,77,25
45,88,65,32,58
71,79,28,40,92
46,19,4,8,74
14,98,100,65,77
21,6,15,64,84
24,86,2,63,70
73,49,25,78,24
38,68,59,28,100
18,79,74,84,8
73,73,8,14,33
5,55,78,2,75
58,57,52,26,68
19,99,11,52,50
87,29,67,69,8
39,87,11,73,32
12,40,26,61,46
70,66,27,22,44
8,3,20,77,68
68,19,15,72,73
13,59,66,66,27
80,13,7,10,54
24,52,2,12,35
23,61,14,32,79
50,3,70,52,59
43,80,69,97,20
6,5,33,23,44
42,34,3,72,40
27,37,56,17,76
41,82,43,21,97
28,89,86,43,29
58,69,36,12,95
47,87,86,66,57
52,61,43,40,45
29,22,37,49,67
32,48,94,99,40
37,29,96,73,59
11,46,9,36,95
17,72,29,90,99
87,51,67,2,64
79,28,65,22,49
23,84,24,95,58
38,16,9,51,100
54,50,26,18,75
65,6,85,28,45
45,91,16,43,92
100,88,11,8,22
38,13,55,84,83
17,98,22,43,94
64,68,66,97,13
87,42,6,3,28
56,74,63,64,90
77,34,69,7,95
6,19,87,99,6
37,91,26,32,7
49,70,96,7,81
74,14,1,42,95
78,94,83,26,89
21,33,68,40,10
45,70,12,53,96
7,51,38,42,13
95,30,2,100,4
72,67,93,20,67
87,71,90,24,56
3,51,95,11,100
22,91,82,1,6
2,21,63,90,16
79,18,82,91,83
78,8,10,8,33
11,97,3,52,79
33,98,22,8,79
51,79,4,24,60
51,33,39,81,4
41,69,49,16,68
17,42,10,3,90
8,26,51,69,60
63,65,78,15,87
71,19,13,71,70
28,77,71,92,10
86,35,44,64,34
52,65,87,56,1
77,41,75,3,87
20,90,99,62,55
37,66,40,15,64
24,68,63,23,99
60,88,92,48,42
50,59,79,100,72
42,78,57,28,42
67,33,97,68,67
17,57,17,40,100
1,87,10,32,4
100,54,94,77,30
59,28,38,45,34
17,74,74,23,3
24,14,73,3,58
67,48,25,35,52
88,37,38,63,49
79,65,20,57,16
95,82,66,87,17
82,11,97,59,17
87,5,64,69,62
24,94,97,35,67
76,23,36,12,11
90,29,93,70,92
74,55,34,51,43
2,96,34,56,58
45,70,38,27,3
72,61,81,80,13
85,61,23,36,67
48,49,64,2,100
12,76,31,39,9
82,69,53,6,40
35,71,36,87,28
3,30,50,97,23
92,74,22,64,90
96,16,99,22,59
86,15,44,24,31
38,12,50,98,16
67,10,98,86,18
100,42,16,50,31
26,69,22,35,44
68,78,58,93,67
28,59,95,13,77
87,25,6,39,1
86,19,84,5,91
100,5,11,11,24
1,8,56,35,76
46,48,78,34,22
95,72,18,94,58
2,90,36,42,11
49,63,66,8,3
21,8,1,34,30
33,71,79,9,9
44,32,58,43,100
96,59,99,38,1
43,44,51,31,30
83,6,60,66,56
60,84,11,90,62
59,49,25,60,7
78,21,74,93,49
45,83,7,78,52
64,21,63,30,91
44,29,5,83,92
94,58,5,39,41
56,25,30,57,58
45,45,56,64,66
47,50,85,88,11
96,28,7,1,88
1,1,71,67,26
70,78,53,91,93
3,60,57,21,41
45,88,98,56,69
78,98,10,80,38
90,76,77,71,54
83,93,32,69,41
3,8,57,99,57
25,12,44,68,30
67,92,45,28,98
38,3,20,20,11
58,44,87,83,73
30,2,24,66,70
21,100,78,65,74
86,61,44,43,90
66,86,75,60,21
66,61,82,74,85
82,33,21,27,19
14,4,9,5,55
45,82,16,93,76
39,11,92,60,56
14,50,87,65,14
59,38,75,99,15
5,79,16,29,51
14,45,73,81,53
72,79,86,32,9
18,71,95,99,67
32,26,39,12,81
63,2,37,32,59
48,82,4,51,83
45,81,9,79,89
68,72,14,24,84
94,82,43,53,16
20,77,44,4,89
66,99,11,17,65
77,75,12,78,78
21,45,14,84,45
48,23,20,2,26
43,51,56,23,86
18,59,47,2,82
57,14,80,8,20
3,73,34,61,5
63,25,79,68,91
88,10,62,78,13
19,27,42,75,9
65,81,41,40,21
50,16,87,21,54
12,26,2,78,94
95,26,77,24,57
34,33,2,39,85
55,26,81,80,83
12,80,11,53,58
57,68,96,5,58
59,49,66,29,83
97,10,8,34,70
24,24,21,89,34
30,37,86,30,24
7,21,26,74,79
94,49,24,28,5
81,29,94,44,56
77,66,71,32,28
91,17,7,90,7
24,25,29,18,84
78,76,50,2,62
47,81,39,47,41
54,81,73,27,67
76,84,14,4,55
97,49,87,10,9
55,29,22,7,1
31,22,63,83,62
60,4,34,64,10
84,41,85,30,26
73,4,56,69,30
18,52,22,13,15
38,36,80,46,24
45,92,78,81,63
77,13,77,76,93
19,27,7,11,34
99,12,12,41,61
14,53,86,39,3
20,17,99,59,100
35,74,86,39,57
1,2,60,58,51
32,70,51,9,72
32,15,87,26,80
96,45,44,76,43
54,1,5,43,29
90,63,26,60,21
28,37,42,74,70
49,35,75,20,34
35,9,40,23,59
41,68,1,82,42
9,44,4,12,66
88,65,8,74,54
59,42,24,86,34
56,54,61,83,50
63,26,42,51,25
99,13,40,83,81
61,11,27,50,10
72,70,33,71,54
32,94,83,62,3
86,5,54,44,41
100,15,13,13,77
79,84,74,52,77
39,35,82,36,90
87,42,32,67,53
17,97,3,86,13
1,57,20,95,72
62,87,81,24,56
87,36,68,49,64
51,28,24,83,89
54,66,65,56,34
40,56,32,98,90
25,26,2,45,39
95,75,35,3,43
47,93,13,10,54
2,16,77,66,21
87,68,58,96,39
83,81,49,8,94
11,12,12,19,62
68,24,100,75,48
54,62,8,57,84
90,56,42,64,32
40,86,60,44,40
69,16,82,54,67
71,43,74,100,3
63,92,27,65,2
1,2,71,45,31
41,62,24,77,76
63,24,71,87,92
93,29,63,97,45
35,100,94,82,64
20,82,79,71,95
75,19,84,6,43
77,67,40,92,5
50,24,54,8,6
78,99,77,85,23
6,17,39,50,60
78,60,44,50,47
32,41,18,18,7
91,49,15,100,35
96,49,19,47,67
54,64,43,16,94
27,52,61,45,18
52,71,52,27,29
88,50,71,100,5
75,63,99,76,79
61,48,11,87,10
85,74,60,90,25
27,21,86,69,62
6,4,1,23,70
100,8,72,32,67
69,9,13,42,86
13,1,14,74,19
93,54,44,11,82
7,74,71,53,93
9,29,40,52,19
87,58,41,96,82
93,5,75,77,53
48,34,65,58,85
96,16,45,74,85
87,78,29,21,79
91,38,15,88,9
88,17,29,52,38
65,9,3,42,27
94,91,83,23,4
25,13,18,2,3
74,9,13,17,63
14,53,36,60,31
93,50,13,2,6
38,24,20,58,61
83,85,96,54,49
2,98,21,75,79
84,33,23,52,31
84,100,27,41,45
56,23,45,44,96
28,40,5,61,55
16,42,15,18,1
100,98,98,97,43
90,58,20,51,48
80,18,21,57,41
12,84,98,76,50
45,96,31,7,34
35,76,20,95,26
16,40,16,33,33
5,69,32,70,70
77,21,90,63,55
48,8,65,96,12
81,40,77,26,35
7,23,53,81,72
76,36,5,92,12
46,68,58,58,16
41,29,45,57,32
48,14,54,25,94
36,27,91,75,40
64,44,42,64,37
52,96,29,53,97
6,62,8,3,86
7,16,86,9,71
51,90,80,86,64
44,12,53,7,70
87,17,61,17,35
72,65,53,39,74
17,73,29,81,61
90,70,48,16,83
71,15,26,88,84
4,34,55,14,56
87,12,69,27,93
58,95,38,15,94
94,53,14,20,22
69,87,21,51,91
29,87,1,46,94
67,45,21,94,19
22,94,83,91,35
99,75,77,53,61
40,48,87,20,67
34,86,25,82,88
9,68,46,97,73
23,24,48,62,5
3,75,57,53,87
31,3,38,23,39
95,79,24,8,34
98,24,90,72,58
39,100,51,17,13
73,34,46,63,3
29,36,93,95,97
100,35,36,82,80
70,40,15,75,52
3,48,82,85,22
5,2,23,71,45
3,97,55,85,41
8,23,76,66,20
88,45,85,8,80
87,26,60,89,59
32,90,55,72,37
60,84,91,57,7
41,99,51,97,3
39,99,45,50,67
95,77,100,2,80
92,56,5,61,44
3,26,17,31,80
53,12,30,23,17
89,15,52,39,45
84,67,82,91,2
12,23,83,34,27
60,33,21,54,75
35,17,26,74,46
11,61,40,55,35
60,26,77,62,45
40,65,15,68,4
77,86,35,25,75
23,100,50,95,68
42,100,39,5,40
79,43,81,36,85
97,52,95,39,34
85,29,71,91,82
95,61,69,85,48
47,96,34,46,96
90,30,18,38,70
44,85,56,54,81
52,43,18,60,12
25,52,76,98,23
22,19,14,79,44
99,2,93,44,92
18,35,7,48,86
37,40,17,63,32
87,44,33,2,56
87,70,29,51,51
99,9,76,16,16
32,43,5,89,33
74,64,17,45,29
54,15,25,28,65
23,58,49,3,63
76,54,76,55,34
52,65,66,1,88
72,37,9,75,89
45,30,84,77,72
41,88,63,33,67
64,89,36,82,65
79,13,55,53,46
12,32,49,73,24
87,26,98,33,15
11,45,94,41,2
61,95,38,82,81
44,60,86,75,10
31,77,98,25,53
43,9,71,31,29
26,83,2,63,45
28,29,18,58,58
51,2,99,31,83
81,30,92,47,70
57,84,98,46,19
86,96,81,1,36
51,73,41,53,18
9,5,35,20,87
96,49,35,32,1
63,57,40,73,47
63,52,92,69,34
21,19,89,88,4
86,67,3,10,44
27,66,2,74,88
54,47,86,71,51
1,45,16,20,73
80,5,99,40,100
81,81,100,23,59
97,87,16,49,35
7,62,4,13,71
52,10,30,97,22
54,39,34,90,76
85,87,84,3,1
86,58,26,27,33
55,8,56,57,86
34,38,100,26,5
77,48,69,58,22
25,29,16,37,49
79,21,12,78,94
73,52,60,94,93
9,10,59,55,89
63,10,2,13,36
23,77,100,54,50
79,13,96,76,49
39,7,67,14,14
88,42,43,10,12
18,63,2,7,65
14,39,15,78,27
45,66,72,48,67
11,41,62,89,8
49,82,31,81,56
85,76,82,51,58
40,11,10,25,56
92,78,16,63,94
46,26,34,56,60
81,31,69,83,63
79,59,39,94,54
20,59,24,6,50
76,53,8,22,79
95,82,6,86,12
35,56,16,80,30
98,15,59,60,78
31,95,39,98,25
12,85,41,34,71
65,76,76,17,41
9,97,87,48,8
78,82,36,83,6
45,40,54,45,21
14,27,63,16,37
86,95,94,64,17
57,65,59,8,31
41,2,7,6,77
77,75,93,46,9
89,98,27,73,15
71,81,88,57,35
69,36,61,38,58
12,24,51,15,30
7,68,24,35,18
40,91,34,66,77
23,52,23,26,67
64,17,30,4,82
21,77,68,7,52
28,55,35,69,20
97,46,11,49,26
28,60,58,6,94
83,95,71,81,43
22,97,24,80,77
15,24,34,13,86
25,62,91,57,60
74,46,27,20,60
83,15,4,75,98
10,70,58,86,28
36,3,79,63,54
86,86,8,28,91
60,49,11,2,23
25,62,21,22,96
29,80,96,94,2
42,30,95,6,75
55,12,83,36,89
48,70,44,67,21
20,40,88,45,62
24,97,50,11,7
44,4,62,62,73
59,5,61,71,30
3,84,15,42,85
57,81,55,88,58
27,38,26,48,56
67,72,23,65,67
20,52,75,26,82
38,23,44,79,100
15,95,20,84,99
5,49,82,47,50
51,87,67,10,88
25,44,33,76,70
94,61,28,61,79
23,14,11,79,52
21,15,30,37,21
9,88,48,16,10
57,35,27,52,67
65,31,34,76,64
89,19,69,16,34
23,70,50,32,9
12,42,62,22,41
53,84,62,40,49
72,66,24,79,91
89,26,1,14,30
43,9,90,51,39
17,24,40,78,24
37,50,81,33,47
26,3,79,32,67
60,13,97,34,24
11,60,6,47,56
6,44,76,17,65
98,49,95,42,16
5,89,10,87,7
18,63,30,80,29
15,67,34,23,76
74,92,16,57,18
54,54,66,6,21
25,27,94,10,42
82,36,42,8,68
21,71,70,64,28
2,80,73,41,99
25,97,9,89,26
71,27,72,73,59
33,40,56,97,3
60,74,51,31,68
43,84,52,83,64
100,37,12,29,40
45,56,84,40,84
78,28,67,36,92
41,85,20,63,82
100,77,32,53,26
43,7,39,68,26
32,27,34,48,99
76,39,82,28,1
9,2,31,73,61
80,18,2,50,73
84,74,89,24,3
38,21,85,79,37
76,37,83,50,76
66,99,21,24,28
1,31,66,62,80
29,88,40,99,60
96,71,74,74,72
6,82,100,99,3
61,84,28,95,17
85,86,100,54,41
90,2,99,91,29
87,12,67,30,18
4,46,84,96,61
64,17,2,4,4
36,64,23,30,25
6,41,32,89,15
16,4,44,62,53
42,25,92,79,27
79,70,46,3,18
63,72,57,43,50
92,35,36,64,76
83,50,86,100,94
33,83,40,37,40
18,44,26,84,24
58,5,17,81,31
17,63,39,33,93
58,26,35,68,89
52,22,56,28,86
97,22,31,54,3
13,78,71,12,24
68,72,64,37,65
49,63,55,17,81
66,24,31,17,72
87,84,69,89,78
34,34,28,99,27
70,83,84,23,13
68,81,43,45,54
66,97,15,8,27
11,10,91,89,48
35,44,12,46,67
14,69,66,4,64
20,63,44,6,18
49,91,2,80,11
88,8,68,36,52
24,49,16,78,96
26,81,4,13,97
9,84,23,45,23
37,94,44,14,27
61,57,99,46,16
86,73,20,60,58
48,100,39,18,6
23,93,45,74,61
57,7,82,50,7
24,38,65,17,44
27,48,99,67,22
97,49,18,18,15
70,91,18,44,67
39,88,16,50,75
79,46,47,99,43
33,87,46,42,97
4,43,1,32,56
57,97,38,88,94
47,55,83,6,29
14,73,51,3,45
62,56,53,96,40
66,47,1,96,6
90,41,71,25,46
86,59,80,39,93
24,37,35,58,96
81,42,80,26,31
10,39,24,89,82
90,77,90,72,48
51,64,87,41,16
24,47,94,73,24
50,1,12,1,85
95,43,76,89,5
79,56,52,56,74
81,56,12,15,67
8,45,11,28,56
42,55,28,91,91
25,53,48,4,61
35,86,56,92,77
9,53,39,95,30
41,98,11,73,23
1,64,66,63,45
54,45,56,100,28
53,94,41,72,30
39,38,60,52,63
7,70,54,60,7
71,43,22,65,49
80,17,53,36,53
74,8,81,80,92
35,1,76,86,2
79,36,34,47,8
13,3,71,18,36
11,70,1,71,22
59,100,71,89,81
11,89,34,31,31
8,98,39,82,89
89,34,50,82,55
78,86,15,14,89
15,2,74,29,33
29,77,76,59,37
37,40,36,25,11
61,15,23,21,53
54,66,70,43,83
68,92,23,43,74
96,87,32,45,54
56,18,100,88,44
40,55,74,59,39
24,6,56,3,58
78,63,50,55,94
38,1,47,49,61
62,53,48,95,18
57,16,97,31,94
91,57,51,13,1
40,3,98,85,86
51,12,36,31,15
75,37,45,41,12
92,82,88,24,14
36,68,81,55,25
90,45,45,65,31
41,30,24,32,23
59,32,2,25,84
37,82,30,3,21
16,88,4,83,77
77,18,30,50,36
63,28,62,3,62
78,84,75,10,28
72,54,59,33,71
13,86,4,24,90
49,67,64,13,58
64,9,24,21,39
29,90,33,94,50
59,91,24,93,99
83,21,68,59,90
66,54,94,38,4
61,55,27,70,85
34,74,11,40,3
31,18,20,37,28
37,19,41,18,63
20,65,78,54,74
98,28,38,17,56
26,91,73,65,81
52,46,82,8,29
49,35,88,45,78
24,27,25,85,65
62,15,94,85,93
57,34,86,91,87
59,41,63,37,26
23,100,4,20,24
13,76,46,31,21
4,14,32,71,6
58,28,81,27,83
88,5,77,70,44
5,97,72,79,1
22,18,17,32,81
4,68,40,59,62
57,28,86,23,69
62,48,3,19,55
41,16,33,54,22
86,94,35,54,90
89,47,12,77,23
22,14,91,31,38
38,1,8,78,58
49,23,77,94,92
72,37,98,90,35
63,91,59,70,86
44,28,68,36,100
16,52,33,31,13
4,72,10,95,18
8,76,2,5,65
96,74,66,67,80
28,5,5,80,54
69,93,42,4,17
69,56,3,12,55
90,94,75,81,98
95,18,2,55,49
90,25,74,54,60
96,29,55,49,83
2,30,14,82,5
58,42,60,25,6
61,23,41,95,22
28,83,9,21,84
10,98,54,91,30
6,22,49,81,59
52,85,20,36,42
11,31,12,69,10
95,34,51,88,80
25,14,13,62,20
38,45,38,84,73
1,13,21,29,52
69,70,38,13,62
12,100,13,70,26
23,77,90,52,95
63,43,4,36,81
16,61,54,89,60
77,25,73,15,51
99,32,31,31,99
58,58,61,86,66
25,96,65,68,70
52,38,29,53,10
25,23,24,14,39
34,12,76,69,100
81,67,70,4,99
71,90,60,56,5
38,20,75,7,94
88,56,10,48,2
66,7,38,40,2
56,69,9,98,63
92,9,79,50,15
59,90,26,57,62
57,56,34,49,82
92,63,89,28,30
61,15,44,84,81
35,36,40,14,12
22,21,72,16,73
30,99,71,93,28
4,63,40,94,36
95,57,78,40,69
76,63,6,44,92
48,37,10,28,19
43,45,46,27,98
23,78,43,46,32
85,65,44,67,54
97,16,40,80,32
97,7,51,40,12
76,1,60,1,24
1,95,74,75,36
2,10,28,92,2
3,81,68,11,91
29,20,66,89,68
70,39,91,66,80
45,30,94,28,88
45,20,59,23,4
20,50,88,76,29
86,78,64,7,7
40,10,14,64,30
54,35,5,38,24
28,58,97,27,71
17,12,75,30,76
79,19,67,21,93
49,99,19,34,44
94,67,19,63,98
40,67,41,94,75
68,70,23,64,65
84,37,16,92,75
57,43,83,44,93
44,18,11,25,71
87,50,27,30,100
10,97,95,24,63
53,71,29,24,50
88,87,70,46,12
88,7,9,43,89
93,89,6,23,85
32,94,31,24,17
93,13,5,10,36
26,63,89,76,10
82,79,5,5,71
22,78,27,100,27
12,40,93,46,20
47,20,60,2,26
57,13,17,68,94
4,53,92,29,85
36,35,10,70,52
89,34,16,5,90
6,22,23,68,54
71,28,17,7,81
73,54,44,82,27
39,97,8,30,1
39,21,1,93,46
78,1,49,94,83
31,43,70,43,75
78,53,12,28,95
11,29,14,20,78
1,52,95,24,19
98,22,83,50,94
37,2,71,66,1
52,50,24,43,38
3,55,47,32,22
100,41,44,49,82
37,66,6,87,76
88,37,81,98,83
30,25,36,68,67
85,12,62,47,52
82,93,80,2,2
92,15,2,81,68
43,56,1,13,91
94,7,15,10,96
73,4,27,92,1
82,37,57,93,15
47,90,4,23,62
77,41,12,27,54
12,57,98,100,34
5,28,55,79,61
36,26,36,29,54
50,84,60,94,8
22,56,32,91,9
87,35,87,5,91
22,76,6,72,78
85,98,38,8,67
78,11,71,69,77
94,6,83,41,8
26,49,44,12,88
9,27,61,45,40
36,39,48,41,86
93,43,55,90,91
20,15,28,90,94
22,69,69,1,5
98,17,11,44,9
4,62,35,77,43
66,54,19,85,86
45,38,36,91,60
81,52,76,16,56
34,49,22,22,33
33,8,87,75,90
9,38,81,74,32
73,32,29,27,21
92,64,15,66,97
68,62,7,61,9
86,2,33,33,65
15,10,32,33,55
11,95,9,16,86
95,86,91,25,87
39,63,59,76,55
11,24,82,38,68
89,12,44,53,83
58,12,51,9,72
44,44,68,98,97
33,67,57,78,71
9,76,17,82,90
8,11,56,37,30
37,1,69,4,51
58,3,23,47,39
56,81,87,62,12
23,1,57,19,75
1,86,1,75,7
63,86,65,41,19
70,3,15,17,99
62,54,49,78,87
74,27,34,30,57
24,1,40,54,3
33,6,100,2,59
53,72,52,55,16
75,85,74,12,21
98,75,99,9,83
78,40,8,85,40
62,81,11,64,95
11,15,11,58,89
33,11,17,57,28
11,36,19,16,19
39,79,82,1,18
4,56,77,73,17
97,61,84,28,71
70,79,56,9,98
81,93,65,73,31
75,88,43,22,61
25,65,69,72,73
33,60,8,48,72
96,70,41,23,63
91,24,76,29,32
38,81,92,3,69
58,86,32,33,80
45,18,47,32,6
69,30,2,34,14
43,53,34,70,86
34,69,16,76,7
30,44,25,34,1
100,78,61,24,2
24,70,56,67,82
68,56,40,58,22
57,79,70,97,9
21,88,45,23,10
100,41,56,76,97
76,21,85,82,21
88,100,51,42,12
93,99,81,99,77
66,38,77,1,31
60,57,6,33,68
6,29,77,64,66
36,8,93,41,76
86,72,81,12,46
52,85,10,39,15
12,3,45,50,47
9,70,35,67,12
86,80,84,76,34
44,1,37,96,73
44,78,80,24,56
31,81,90,20,98
16,88,38,93,39
22,94,12,90,42
46,14,87,8,54
80,28,94,89,32
10,86,77,42,46
58,60,68,18,38
66,95,100,30,93
47,12,32,28,95
26,6,34,22,66
88,49,5,34,96
2,73,49,80,16
15,38,81,65,43
51,60,33,48,17
78,36,32,13,27
53,40,72,42,73
89,65,60,54,15
98,94,61,7,2
37,42,2,86,71
83,29,47,18,4
18,11,64,98,85
32,22,85,5,81
32,24,3,82,40
19,48,99,73,64
34,64,13,68,84
50,42,44,80,84
29,45,38,20,14
29,16,84,11,19
95,56,96,34,99
99,27,26,1,54
92,46,73,57,43
32,32,23,98,93
37,7,95,5,31
61,14,88,34,37
31,65,70,56,65
15,51,23,17,10
45,89,94,30,89
65,13,17,61,34
55,40,89,51,3
71,54,25,70,85
62,56,97,42,3
10,95,88,97,14
12,19,26,78,26
9,95,50,28,67
59,80,60,12,53
64,64,6,8,23
98,62,89,100,31
84,21,40,70,82
51,32,92,12,90
94,55,19,25,3
79,97,57,17,91
60,49,56,88,68
16,30,21,27,63
11,99,99,65,1
82,77,45,8,87
12,18,33,27,49
6,14,98,16,37
28,73,71,54,16
13,67,95,47,56
29,65,67,94,88
78,49,43,62,70
74,95,33,55,25
95,50,7,63,95
42,14,43,16,9
38,20,7,23,80
98,92,34,17,82
2,1,75,31,97
80,45,71,3,79
90,19,99,5,31
38,32,87,42,9
63,52,70,63,50
20,51,41,69,34
32,58,26,41,19
23,79,57,77,6
87,21,25,43,94
76,78,51,29,74
77,92,1,34,54
4,89,15,3,17
15,33,22,42,11
22,80,13,31,71
6,5,66,90,18
6,50,72,66,91
69,92,29,52,78
43,13,37,96,26
40,22,33,70,15
82,97,33,41,12
27,97,58,70,35
84,22,100,7,24
26,14,36,54,64
64,83,46,1,35
99,78,25,92,11
68,81,95,2,88
64,87,99,35,37
15,39,44,52,5
34,76,87,26,48
89,11,37,22,60
65,95,66,97,21
4,16,58,53,73
66,34,22,34,31
79,37,90,81,26
11,21,91,57,9
52,75,11,38,4
20,43,8,37,65
39,62,14,21,60
12,56,94,37,22
15,13,65,44,15
34,38,75,19,38
85,81,93,33,74
19,64,13,38,6
77,58,63,23,28
87,9,64,30,79
87,3,40,20,57
82,97,88,45,39
28,88,25,82,24
92,84,92,75,8
63,23,89,24,18
69,100,35,6,25
5,46,60,100,49
2,10,45,91,2
38,53,39,78,36
5,31,19,82,2
8,5,37,16,88
40,69,93,32,86
50,23,27,38,27
14,29,32,37,84
75,33,97,86,75
2,44,26,17,8
59,31,30,15,17
7,52,45,36,89
38,58,71,34,86
55,62,22,31,92
9,89,64,50,16
61,74,37,93,77
88,20,10,20,99
11,99,34,77,47
87,20,31,20,89
58,77,38,68,69
35,63,77,1,81
44,3,68,70,37
79,40,49,17,81
79,18,57,13,56
28,38,47,92,80
78,40,60,40,80
86,91,99,30,68
62,2,94,22,86
61,87,79,85,12
35,99,25,83,1
69,15,68,65,20
76,58,3,58,38
97,44,37,78,99
6,46,9,36,14
82,6,56,29,80
16,37,87,39,55
46,36,22,27,36
20,64,88,85,81
53,49,68,100,21
41,21,87,46,71
50,41,51,55,84
11,80,34,28,30
31,5,14,47,64
59,68,90,9,11
10,91,22,43,47
3,5,75,92,62
1,98,64,19,35
34,97,5,53,30
69,89,38,49,39
68,37,47,70,94
83,58,20,76,93
23,62,68,97,49
52,97,98,35,85
66,72,18,66,35
57,80,81,66,39
28,79,99,3,100
68,41,85,11,51
31,13,18,11,52
39,36,40,2,70
20,29,29,25,74
83,23,51,73,1
43,30,14,21,65
24,94,86,20,86
80,16,66,22,84
91,15,18,30,55
92,61,94,15,36
39,36,10,38,12
59,44,19,32,43
53,68,24,25,68
20,94,56,3,22
38,7,47,36,5
6,44,95,73,48
72,67,69,36,87
37,68,21,81,40
87,66,71,55,61
39,93,96,20,49
40,11,39,26,95
27,56,4,39,38
19,31,34,43,10
22,51,87,34,52
87,36,55,52,21
24,44,26,95,70
73,65,32,53,10
12,4,18,79,100
1,90,10,78,38
74,19,69,48,12
67,66,20,58,93
77,17,98,99,42
20,65,54,87,79
61,18,75,88,99
96,24,81,44,87
25,42,96,100,51
97,79,14,5,66
56,57,71,39,98
11,23,72,45,37
58,3,45,76,77
80,98,75,60,3
60,52,40,80,10
20,70,20,88,6
19,49,39,95,64
19,52,88,27,53
2,82,45,69,23
9,97,98,83,6
62,57,35,96,75
50,10,99,82,8
63,70,17,14,12
41,8,22,77,29
45,39,24,3,44
94,81,63,54,70
17,95,53,60,58
48,20,65,40,33
38,14,75,59,33
44,12,47,100,62
30,88,80,62,27
40,23,92,84,51
87,49,68,7,27
14,76,66,89,9
13,54,62,11,83
44,62,63,66,83
78,80,64,91,78
50,35,40,64,57
94,54,7,45,35
79,57,58,24,18
54,3,67,82,17
63,10,41,35,95
94,14,96,50,57
87,79,96,57,81
56,12,14,18,27
40,75,54,32,83
46,30,38,84,44
6,90,54,20,13
23,97,17,81,56
84,18,1,31,70
76,7,35,75,7
69,83,36,70,50
30,39,24,29,46
13,28,55,64,100
83,98,43,30,63
49,31,89,88,78
43,22,59,81,41
9,45,51,6,16
77,77,38,9,39
85,72,49,35,86
37,39,64,2,13
84,33,64,46,63
19,59,98,79,80
44,29,3,52,92
86,98,75,90,53
17,23,53,37,94
54,34,89,24,59
92,66,82,76,93
15,64,29,78,23
99,86,13,66,63
77,3,37,94,58
51,61,77,29,74
60,90,36,16,66
84,33,94,62,30
49,59,89,81,31
37,59,16,36,41
96,71,97,89,52
7,65,92,58,50
23,95,14,93,57
66,69,65,14,91
24,39,23,29,7
29,80,57,23,76
73,89,46,54,21
20,37,99,11,91
62,15,28,43,15
66,15,92,47,68
73,34,32,55,83
92,12,62,79,12
30,34,57,24,10
69,24,71,47,62
83,56,92,59,61
70,53,56,31,23
83,38,44,61,52
85,30,92,78,65
83,2,60,66,36
1,48,49,15,5
10,92,15,74,53
69,61,86,48,66
26,82,44,23,11
35,46,96,99,51
49,53,66,11,26
83,76,8,40,65
91,67,18,12,30
36,30,31,69,74
21,2,59,55,16
65,73,33,38,2
48,69,18,100,48
31,47,28,62,57
63,13,80,33,70
71,67,15,59,57
62,49,95,76,65
49,37,70,8,24
88,31,48,14,80
57,33,80,41,32
42,41,79,59,86
21,78,29,32,26
7,63,60,78,8
90,91,67,82,12
57,40,3,69,92
52,6,35,75,68
76,57,37,78,1
17,78,51,58,9
58,6,52,13,12
64,52,82,27,30
81,41,92,76,100
33,11,1,38,65
54,48,3,77,70
29,88,86,45,32
52,25,18,75,29
25,91,77,100,73
49,55,15,61,8
80,81,17,80,74
16,53,93,67,97
33,98,44,34,97
7,90,85,47,3
55,87,33,78,99
58,80,40,3,51
32,50,81,98,16
43,95,34,56,27
10,16,29,43,34
46,81,44,62,81
28,51,51,61,6
32,15,77,52,65
16,72,44,99,77
27,93,58,98,77
39,65,12,70,26
15,48,85,18,60
1,7,75,54,91
66,28,43,10,13
64,5,29,3,39
44,58,92,72,38
33,92,48,45,36
86,81,88,75,99
13,83,68,3,10
37,82,14,47,82
58,62,16,15,58
58,64,13,35,28
54,4,7,40,8
28,8,88,81,66
52,62,82,1,35
99,75,77,37,94
30,47,78,95,46
65,70,11,17,51
71,28,78,52,46
73,56,70,34,58
46,12,34,98,38
69,98,66,73,96
58,36,8,100,60
36,1,96,94,16
94,84,22,5,9
75,64,51,92,60
24,20,41,42,26
84,81,47,73,50
2,49,1,86,15
10,18,92,46,98
33,49,46,78,33
67,60,15,37,55
38,53,58,10,78
3,29,89,92,11
27,65,68,48,23
32,70,70,92,7
66,27,39,47,30
31,7,38,12,45
9,17,34,48,82
75,98,96,58,55
14,5,86,86,20
27,92,39,64,84
16,14,37,90,17
96,90,47,93,5
93,78,3,34,2
4,38,63,78,11
80,91,34,59,85
31,78,77,49,11
66,28,15,59,46
90,93,64,66,53
100,31,32,6,53
42,65,15,72,58
85,61,35,4,100
3,50,28,16,6
60,8,39,25,23
26,26,86,44,70
91,59,32,26,76
85,16,62,89,64
21,57,78,31,10
21,70,52,96,57
21,62,92,8,59
50,3,59,69,81
12,2,58,39,48
84,64,62,70,61
57,63,36,82,63
40,79,7,61,53
2,95,54,95,14
35,59,10,95,48
41,75,27,73,37
96,89,66,30,14
43,59,12,79,69
37,16,39,41,73
6,25,4,48,19
12,68,62,3,46
60,31,90,61,85
19,36,12,84,94
82,26,73,89,55
23,100,64,74,1
89,92,55,42,57
73,82,24,98,21
18,22,57,48,66
88,29,39,64,68
40,92,40,22,46
77,42,72,97,96
99,84,67,45,91
48,80,74,21,42
90,58,24,64,18
52,10,27,65,69
43,96,89,74,41
7,20,43,46,4
10,17,92,51,97
73,89,62,24,51
97,72,25,11,53
56,93,72,57,48
54,64,14,91,41
46,45,26,55,34
44,74,100,100,38
70,67,3,52,78
18,31,29,97,78
90,57,13,66,72
54,15,2,86,76
14,67,86,38,25
19,37,69,46,29
54,77,25,80,10
43,96,48,27,41
6,90,11,22,90
77,87,76,61,6
60,87,41,59,85
91,47,37,29,80
45,61,16,2,27
73,2,11,76,71
48,14,9,49,3
81,56,49,25,60
26,82,28,27,42
70,37,81,78,54
11,49,78,25,70
91,86,78,97,80
63,19,25,39,63
57,69,45,22,47
20,85,9,4,56
73,47,78,41,96
48,60,70,44,55
26,94,82,32,66
98,61,61,51,86
94,79,52,38,77
19,4,22,3,71
67,73,48,80,84
34,47,54,57,37
66,52,91,96,10
49,33,53,26,78
27,27,91,26,19
60,34,54,72,53
46,22,73,90,50
20,35,26,78,97
20,14,5,9,63
29,20,66,78,32
81,1,98,18,34
68,56,95,69,32
7,31,76,14,64
51,59,42,13,1
18,33,36,63,21
86,7,25,29,55
17,39,46,39,58
39,75,38,88,63
39,53,91,99,66
50,46,49,10,59
82,17,90,95,67
78,92,24,25,26
70,29,63,84,84
16,75,96,34,64
23,46,90,2,83
24,27,2,34,45
81,81,31,11,67
84,30,9,22,49
96,82,15,36,15
10,17,3,20,42
71,93,20,7,90
85,20,26,97,34
30,44,99,22,66
35,9,52,24,1
21,84,8,38,62
46,73,87,79,13
60,12,33,36,5
40,100,89,5,66
86,85,48,4,99
83,99,61,37,40
40,39,21,30,19
30,46,87,23,25
20,19,56,32,84
53,35,27,52,31
4,39,69,55,7
22,41,74,3,42
40,61,35,83,23
93,68,5,11,58
52,85,19,77,4
59,88,22,71,90
4,83,28,16,43
38,33,12,1,99
46,42,61,3,90
88,34,100,8,93
68,98,84,79,24
9,49,58,98,39
58,85,4,53,89
74,99,6,22,34
62,1,1,43,60
70,25,42,86,47
21,77,81,22,63
96,25,94,94,24
88,36,70,95,73
44,25,11,31,65
40,18,57,61,14
71,21,64,48,55
48,59,61,10,45
46,18,66,12,87
25,73,27,25,89
100,11,72,91,4
25,25,90,11,54
88,43,97,79,95
10,8,90,61,71
83,78,13,27,59
23,6,37,95,53
76,15,56,61,94
33,68,49,69,52
11,14,90,91,14
20,51,76,25,14
2,50,83,32,85
81,37,72,3,100
21,60,57,97,38
90,1,67,75,67
54,27,73,56,78
68,54,69,25,51
32,2,7,86,74
91,19,65,77,62
96,27,37,99,62
81,55,60,2,60
37,1,28,83,59
12,77,15,17,16
10,19,68,18,19
31,10,97,32,2
67,1,36,6,50
3,72,75,71,99
13,99,64,25,96
48,70,62,90,10
24,22,13,65,64
11,14,86,19,86
27,99,38,57,47
39,67,4,98,90
79,41,44,80,55
99,77,7,27,48
64,65,72,5,91
79,43,86,93,64
63,47,4,29,18
43,35,77,48,85
62,96,70,12,1
39,71,94,57,95
76,47,95,88,30
28,90,35,22,12
37,50,50,35,70
90,75,81,17,83
26,38,56,81,51
87,82,52,66,83
71,33,50,43,44
61,16,99,49,14
63,32,55,16,89
25,82,13,25,34
79,30,26,11,32
92,94,70,30,47
76,8,19,78,36
18,32,61,2,59
79,96,26,62,42
1,9,53,35,3
80,86,49,13,90
60,62,81,74,30
17,5,65,73,22
82,37,94,94,98
84,30,70,9,40
7,88,38,81,29
23,8,56,30,91
49,7,63,32,70
69,2,78,86,27
55,40,30,57,81
78,14,61,95,64
89,86,75,18,14
40,38,44,38,40
50,39,2,8,79
49,11,67,40,70
10,85,92,7,68
9,47,54,35,70
82,58,8,11,53
42,32,81,65,84
90,73,48,43,54
1,42,37,11,28
34,62,79,85,33
69,10,93,79,34
66,34,100,50,17
79,80,37,35,43
75,95,87,42,85
89,100,1,4,96
99,8,16,44,80
82,24,31,74,28
42,62,63,40,93
99,39,27,7,76
99,14,62,56,60
20,91,94,25,61
89,60,33,55,64
53,28,9,32,36
75,83,100,1,46
44,78,28,58,43
3,22,29,87,64
9,13,98,3,80
95,53,93,99,66
92,45,41,93,63
11,57,45,99,76
51,36,48,48,87
47,43,90,13,71
23,98,37,12,1
56,87,86,43,51
70,93,5,69,19
62,51,77,69,98
10,57,80,70,30
20,31,2,9,75
83,49,81,36,31
6,21,91,98,48
79,83,27,27,51
3,64,39,27,89
15,9,98,49,74
63,7,42,43,22
92,98,100,10,80
82,93,13,83,72
3,6,10,56,51
38,15,71,10,19
97,80,11,30,76
70,87,70,47,8
14,93,99,49,100
10,72,17,25,65
24,54,77,10,24
15,6,65,91,6
89,93,70,15,50
93,56,23,43,8
22,22,100,74,1
16,100,4,52,12
24,72,29,95,65
39,29,36,66,7
57,87,82,92,53
73,42,42,10,83
93,43,2,2,58
25,79,72,39,69
82,30,95,88,23
91,37,28,1,57
73,74,90,40,47
19,28,77,59,53
48,55,29,61,74
6,60,94,52,36
47,17,68,100,39
40,42,40,66,2
50,40,28,87,46
100,28,85,23,35
61,43,13,74,23
74,59,23,41,50
60,89,29,86,77
85,9,20,63,40
42,9,93,5,26
47,82,43,92,95
48,8,11,51,20
76,96,59,70,12
57,31,88,69,54
5,43,25,13,47
16,21,36,89,39
32,93,36,30,28
43,100,79,82,99
66,17,49,93,24
72,15,81,19,34
7,32,85,20,16
16,22,9,64,22
59,4,38,91,12
16,20,14,3,50
19,82,24,55,31
69,63,14,70,24
79,61,96,46,21
54,42,11,24,4
52,92,23,17,51
31,67,77,12,18
74,65,81,83,62
22,61,33,57,11
81,4,33,34,7
35,13,78,55,27
7,85,22,25,76
77,44,79,3,21
45,73,82,56,53
5,8,71,72,66
88,76,14,16,97
6,62,10,49,29
60,76,84,2,87
62,80,10,12,70
65,57,78,8,10
11,38,86,98,83
78,48,86,95,75
76,45,85,39,80
95,39,88,58,23
85,64,67,44,2
65,23,49,33,81
70,99,96,14,99
13,64,78,37,60
43,89,80,52,43
56,36,78,5,97
70,17,18,68,16
20,9,31,76,51
76,23,41,40,53
88,10,17,71,5
57,83,1,77,14
70,84,9,78,98
19,61,100,75,27
49,76,80,85,49
15,44,11,25,28
55,4,89,18,83
97,26,3,10,83
32,17,21,37,6
35,79,57,23,78
44,97,91,91,27
93,42,25,83,98
59,70,6,66,40
14,74,69,87,30
99,19,52,64,74
4,7,16,91,64
26,60,50,44,92
6,7,26,15,86
93,96,92,84,20
56,26,15,36,17
33,7,4,43,89
51,64,22,81,4
100,68,23,64,17
97,94,19,65,73
24,37,58,70,97
87,94,30,29,2
65,96,50,62,97
71,41,69,50,99
8,36,31,54,31
44,51,60,50,12
43,30,9,80,81
40,47,69,42,82
72,78,50,95,9
25,63,46,84,84
93,30,9,34,45
32,6,89,71,5
89,53,88,98,7
70,53,48,77,10
85,90,100,56,86
94,83,66,89,5
32,20,42,57,27
44,11,33,20,39
82,19,88,79,57
25,36,47,43,7
69,42,33,33,3
28,35,28,31,49
98,89,90,62,5
36,82,50,26,36
63,39,36,47,96
93,39,66,97,28
88,83,80,33,83
13,75,80,81,50
91,8,47,21,18
100,22,99,47,41
57,46,10,11,89
96,62,55,20,89
49,13,98,59,45
82,33,98,11,70
45,21,97,58,65
53,20,51,79,52
11,38,33,40,63
84,59,71,27,77
23,9,89,60,3
31,52,95,80,91
76,44,18,66,47
89,9,22,14,5
5,29,19,90,22
61,65,69,5,73
13,80,31,36,28
44,82,81,6,69
6,11,30,20,58
44,62,56,97,3
11,91,12,7,89
19,92,8,28,66
82,86,92,15,67
90,18,83,67,81
68,38,86,94,30
69,43,11,34,46
22,96,90,67,67
72,44,81,45,64
12,51,29,84,54
43,81,15,20,47
45,78,33,30,3
24,60,36,59,46
64,49,9,40,88
13,25,77,22,99
16,31,34,53,69
73,55,13,59,98
83,56,35,66,42
93,15,84,40,51
62,96,57,43,28
69,51,30,53,57
86,11,61,91,77
30,58,86,7,66
43,58,46,95,96
45,29,62,43,7
63,73,60,1,86
62,23,76,18,90
87,9,85,52,36
62,84,13,60,78
31,50,56,67,72
21,34,69,92,87
59,75,38,58,67
47,99,33,29,57
11,75,51,74,33
35,92,86,71,40
81,49,88,62,37
83,42,42,41,44
36,9,74,28,4
77,43,6,45,34
98,42,2,41,69
54,43,71,67,99
38,22,96,61,7
40,19,4,82,80
29,35,94,32,3
76,58,81,44,75
24,1,94,33,37
82,1,86,32,98
7,20,15,10,74
33,78,38,85,42
54,20,10,93,37
34,79,43,50,26
18,86,2,85,19
73,64,30,79,22
93,83,87,23,19
81,27,74,54,99
89,93,38,24,88
74,65,52,93,54
17,87,77,61,58
93,46,53,3,94
78,88,98,24,8
41,48,51,90,80
11,42,55,75,84
11,31,37,95,39
89,31,71,83,3
96,18,38,27,27
43,78,50,80,52
67,67,47,15,60
25,58,80,77,89
31,53,56,49,9
39,59,10,94,25
42,82,39,16,7
73,96,28,63,72
25,2,25,27,84
9,23,43,7,21
84,100,69,60,46
94,10,39,96,57
61,45,6,26,28
90,51,42,26,1
57,37,2,57,86
87,59,19,19,3
56,35,53,42,75
91,85,86,44,97
10,24,29,54,1
26,65,97,11,53
44,22,1,87,73
44,28,89,70,19
20,77,70,82,60
81,25,72,61,95
91,7,40,57,89
40,26,13,5,26
53,98,49,30,78
93,84,32,67,71
89,5,44,68,62
94,63,21,29,50
32,94,35,39,73
39,24,56,49,87
92,23,26,36,94
1,47,81,83,14
16,31,86,59,32
25,52,47,25,18
99,9,45,55,29
31,10,69,10,11
81,97,79,8,2
97,90,3,59,75
42,15,22,42,70
38,93,30,77,9
1,70,37,30,65
25,9,42,89,20
31,56,55,44,60
11,16,100,74,74
66,6,92,16,78
29,61,18,75,42
46,72,6,30,40
11,65,97,93,20
90,54,61,74,79
74,89,84,54,12
44,9,92,21,78
10,49,28,57,23
66,72,12,71,48
14,63,5,28,98
68,61,47,19,24
89,16,53,32,78
27,80,56,41,83
65,99,58,6,64
30,79,98,94,37
51,78,82,15,33
64,55,86,87,4
87,63,27,62,52
7,51,33,33,10
16,90,63,47,60
14,19,76,87,35
54,79,81,8,94
41,18,31,68,88
69,75,99,78,73
19,50,71,41,31
72,10,80,64,32
71,79,93,57,50
63,55,63,75,15
43,47,45,40,89
2,47,55,3,88
8,47,10,86,84
63,98,93,42,45
30,89,80,34,46
6,84,67,9,22
37,25,73,41,63
25,40,19,49,18
46,15,98,5,16
5,98,24,47,79
15,56,12,8,18
61,52,98,34,42
1,92,51,21,42
94,45,82,43,84
81,57,15,6,61
15,35,23,29,90
93,92,35,40,48
24,83,25,3,50
7,71,23,91,69
83,78,44,66,41
42,74,85,33,53
42,45,10,15,64
42,95,27,72,67
72,82,53,98,41
83,3,30,46,47
45,90,34,97,7
43,17,10,70,86
39,41,99,83,25
97,53,33,11,75
99,71,80,78,74
15,90,15,63,40
75,28,65,53,67
74,8,24,87,13
43,36,41,9,83
81,44,48,62,55
23,75,7,3,56
95,42,93,89,64
88,34,67,58,51
51,56,61,43,17
22,98,35,3,97
15,69,25,9,83
26,28,10,77,96
51,40,17,46,55
15,64,76,47,81
67,51,71,34,91
27,46,11,60,49
28,10,11,90,2
11,39,50,23,28
62,54,29,22,67
10,3,25,64,13
18,69,51,53,99
73,21,100,72,75
44,18,93,42,15
43,84,87,38,22
78,22,46,22,55
68,58,40,29,92
34,92,48,11,9
51,96,88,21,45
23,8,83,31,57
61,45,91,7,95
76,39,49,89,36
57,13,84,100,87
98,100,58,33,84
49,89,4,52,41
18,23,72,45,16
77,97,88,43,81
30,62,93,88,79
49,74,88,67,82
15,6,52,96,91
17,98,82,29,70
27,61,56,58,57
70,4,1,99,34
34,85,63,59,16
82,38,24,94,27
64,47,100,25,29
96,84,100,54,63
21,21,96,71,67
93,87,55,39,48
69,82,99,54,61
16,74,64,25,10
64,63,76,4,36
6,27,23,9,94
71,21,52,28,17
3,28,89,51,24
55,11,80,11,88
1,62,47,62,99
23,87,89,31,72
27,29,51,87,59
43,42,7,61,48
17,30,40,98,30
43,52,9,52,42
43,87,49,37,81
76,58,70,9,13
78,63,99,37,33
54,49,17,11,54
89,1,76,16,4
9,35,86,82,11
97,49,87,97,43
31,65,47,34,51
81,69,82,88,89
24,58,89,56,33
52,15,95,98,44
68,95,28,80,67
47,44,6,38,43
20,67,69,48,7
74,96,90,9,61
91,92,8,81,39
45,44,72,78,72
41,100,25,88,14
45,68,78,31,13
17,30,92,41,20
38,25,69,4,57
22,67,6,18,9
86,25,88,8,63
6,87,22,35,48
68,92,72,46,44
66,71,95,16,27
80,16,19,55,37
45,56,1,100,97
66,56,32,49,57
63,96,73,94,9
83,4,57,62,63
65,80,48,63,43
17,19,47,50,69
43,59,16,97,57
59,10,39,26,41
4,88,34,40,32
45,15,94,56,78
68,28,53,86,99
60,37,60,54,71
67,48,62,94,21
88,42,38,6,89
92,20,75,91,1
14,62,69,30,3
71,96,25,29,81
47,89,23,73,85
74,55,98,20,49
35,7,10,21,85
17,12,8,9,10
92,30,5,47,100
80,93,11,93,52
26,52,68,63,99
84,86,52,20,35
64,60,47,48,84
45,16,18,40,19
3,85,16,50,4
40,55,51,68,84
34,11,88,100,43
15,79,23,6,35
98,78,61,46,10
87,45,53,11,42
41,94,85,2,41
27,58,69,11,21
4,75,62,84,98
57,13,12,27,57
76,51,82,22,56
100,62,93,15,25
18,50,83,42,86
57,23,97,27,54
17,83,63,14,48
67,66,61,53,52
52,93,11,48,94
72,63,88,99,46
65,24,65,8,34
13,65,89,81,10
63,35,87,65,15
27,73,89,11,44
31,74,5,70,85
56,30,75,93,21
87,86,30,26,38
73,7,9,34,100
33,15,87,66,66
21,5,57,99,10
7,5,1,18,46
14,97,82,73,69
94,93,89,61,81
65,42,98,13,40
6,61,13,86,40
45,29,25,5,73
75,15,48,13,37
32,66,71,31,13
90,19,35,17,66
26,1,43,94,85
49,100,79,89,20
1,49,14,87,41
87,95,92,59,80
42,100,74,77,71
59,62,73,64,78
57,14,26,8,44
24,24,41,37,38
15,100,37,70,7
7,5,23,86,67
20,79,7,81,96
14,7,56,93,99
3,98,98,44,55
52,9,20,27,72
49,60,25,24,73
71,33,88,75,20
15,66,41,25,16
27,59,15,43,71
72,3,53,10,80
1,8,16,19,76
61,1,5,3,55
43,11,45,7,51
39,73,14,73,27
82,50,60,62,14
55,90,68,6,42
66,66,94,14,54
38,24,100,84,62
28,54,20,34,85
30,23,88,90,65
46,15,10,45,91
23,22,70,4,16
53,99,81,26,90
5,48,37,56,68
71,14,30,1,20
53,61,99,65,66
53,78,99,68,56
60,89,79,52,31
15,79,56,11,100
74,64,30,74,75
2,6,17,22,56
95,65,9,94,94
32,59,22,81,10
13,81,74,14,6
56,19,64,69,42
19,22,55,46,33
22,55,17,56,24
56,84,83,97,99
6,83,50,81,50
74,28,82,22,31
38,59,32,98,59
95,16,11,26,15
23,66,81,52,97
100,5,85,97,61
56,79,41,85,80
17,79,50,42,39
61,59,61,83,47
46,82,54,31,44
32,42,81,24,60
45,30,62,43,18
19,40,35,51,50
1,39,73,26,7
50,95,20,75,73
96,81,88,24,7
36,67,16,4,43
87,18,76,72,88
51,91,22,56,6
21,93,78,3,32
94,44,91,7,15
77,74,10,31,22
16,35,98,94,30
82,37,45,3,65
44,4,26,61,74
52,29,98,32,20
16,96,88,12,70
29,46,66,26,70
66,80,66,4,28
71,67,33,27,56
95,7,81,44,89
23,11,47,5,8
90,97,55,44,66
15,85,37,79,8
34,56,52,64,88
42,39,13,36,16
21,49,85,39,21
13,10,82,73,4
75,55,19,69,31
3,76,1,72,43
71,68,42,8,7
44,92,22,66,5
82,20,94,100,99
60,37,76,52,90
79,83,35,24,75
94,80,5,97,81
14,90,74,11,77
74,8,65,41,80
88,56,69,96,100
89,17,73,16,100
8,9,36,15,59
26,12,6,95,16
61,41,99,10,25
44,34,79,52,58
28,6,21,23,7
73,56,69,36,8
69,51,63,87,78
22,52,35,21,54
74,19,71,52,41
40,18,16,6,68
74,2,9,72,75
37,84,76,16,6
75,76,7,55,5
50,9,71,88,2
65,52,36,69,54
65,70,37,62,61
88,75,69,94,72
25,9,63,24,72
98,99,94,85,61
1,48,39,94,78
83,99,99,61,39
17,72,76,51,20
5,65,82,21,94
75,29,10,12,7
11,48,16,95,55
84,46,45,71,58
55,88,72,37,80
30,60,19,14,53
11,63,6,2,6
36,79,73,97,73
57,16,3,32,71
15,97,29,46,96
69,23,9,50,83
54,80,83,95,91
5,73,10,11,40
40,91,63,54,80
20,40,35,84,10
92,29,35,10,34
30,4,52,63,89
93,34,52,15,87
96,99,19,44,72
24,97,67,82,48
74,60,37,53,58
74,6,85,52,19
25,14,21,19,52
70,89,94,93,64
45,45,83,37,60
55,27,2,35,56
47,53,65,16,46
4,85,65,36,57
98,65,37,18,100
55,94,8,67,66
63,69,91,29,70
81,89,90,77,73
66,65,21,6,16
13,42,41,63,61
46,26,74,50,79
64,100,7,73,30
73,29,74,15,49
36,68,8,31,21
44,69,8,68,37
29,90,99,44,2
10,76,63,28,36
24,24,64,24,19
44,79,1,23,83
38,54,12,99,14
97,74,77,72,41
60,45,8,37,19
37,86,45,13,84
38,32,96,39,42
78,72,43,57,95
58,96,87,55,5
81,49,88,43,79
54,4,64,44,61
77,46,86,27,95
18,79,2,50,75
87,34,62,1,71
98,70,61,85,42
16,41,97,62,4
92,28,30,47,31
87,39,73,65,15
62,96,19,46,68
29,51,62,61,88
79,92,4,16,4
21,59,98,82,6
54,6,87,88,60
28,61,30,94,44
99,33,98,40,89
91,72,55,86,78
28,34,25,93,13
100,57,88,2,51
30,21,16,5,79
38,99,75,83,10
7,70,25,46,29
24,82,1,64,65
100,24,76,19,19
78,74,28,34,94
70,36,2,83,7
85,3,54,89,98
82,100,72,77,37
77,51,99,72,52
19,25,55,96,51
21,79,40,91,8
88,84,96,90,13
36,40,9,91,73
38,23,3,12,46
96,76,60,32,95
55,51,99,87,87
52,19,40,70,91
1,80,42,28,25
36,71,66,16,96
48,6,23,68,8
36,43,35,20,90
44,30,97,98,15
25,14,74,95,2
59,61,72,91,15
26,99,14,46,73
74,41,81,50,88
50,43,74,1,58
44,32,35,97,43
26,11,20,61,6
98,52,36,42,24
55,14,79,68,9
35,89,72,57,4
83,20,94,29,46
74,99,7,4,25
80,43,10,17,99
43,69,73,10,45
16,54,65,84,8
11,4,64,60,95
80,12,23,47,54
45,35,88,46,28
46,51,59,81,18
37,57,61,32,54
84,92,50,35,73
34,19,46,71,57
98,64,73,37,41
95,61,73,94,16
10,41,57,66,45
37,73,26,77,82
49,23,40,22,21
11,16,74,89,17
87,8,100,4,16
44,87,91,39,27
49,80,91,61,84
41,62,93,50,96
32,39,69,68,38
25,12,3,69,34
92,35,30,91,50
52,86,55,81,74
20,72,1,9,34
22,5,6,78,20
56,65,74,17,56
72,62,51,44,89
36,15,85,14,70
91,45,24,85,39
3,34,79,78,91
56,1,32,18,11
27,16,88,100,4
57,34,98,9,1
90,79,73,36,19
41,39,36,19,82
100,76,3,81,100
62,91,72,1,34
80,3,28,72,42
96,69,11,39,36
17,49,30,70,4
69,73,97,73,41
45,75,67,6,55
78,92,3,78,40
62,75,60,2,95
1,77,94,53,58
51,83,43,94,88
37,23,21,27,79
85,67,81,63,11
13,25,70,6,40
26,88,43,15,66
81,74,14,1,78
71,54,8,82,4
88,46,62,87,15
92,9,66,24,69
93,73,26,81,31
56,87,88,96,76
63,20,12,2,41
63,40,85,83,40
68,74,6,9,11
82,14,4,45,15
72,73,38,10,93
74,38,64,45,80
78,92,16,87,10
20,39,20,92,74
51,62,57,33,58
31,87,3,8,85
99,66,33,33,51
73,47,22,11,20
73,24,37,61,31
71,80,50,6,35
5,24,47,72,60
7,92,96,53,33
9,91,87,40,6
41,11,8,71,56
66,66,25,90,20
91,10,98,97,45
58,3,85,8,94
47,20,4,94,53
72,6,99,88,44
44,9,67,24,8
46,67,25,3,31
55,76,17,45,59
6,57,30,66,64
62,91,50,77,80
8,26,57,42,30
49,22,18,2,14
65,71,30,45,27
7,73,5,6,33
52,53,71,14,57
88,54,26,42,49
44,78,45,53,65
92,90,51,44,57
31,23,57,50,58
72,56,55,34,60
79,98,5,98,18
32,46,76,28,99
49,88,12,67,16
25,56,50,6,74
11,26,50,55,58
74,94,71,58,81
95,25,3,65,55
19,29,25,67,55
65,65,42,26,23
19,61,88,41,13
9,48,71,22,99
61,34,81,33,65
70,41,20,47,93
100,62,66,98,41
62,10,73,87,49
78,33,3,48,97
90,100,24,70,28
33,90,62,82,75
89,50,40,44,14
5,50,20,62,77
43,77,75,37,20
81,67,11,85,53
34,52,74,5,73
18,34,62,21,36
85,96,29,29,73
98,59,78,94,98
17,49,100,87,90
27,48,77,9,22
83,16,89,10,2
99,84,20,26,73
36,86,12,4,61
26,57,59,24,55
54,100,82,5,61
45,29,51,30,32
4,42,72,9,28
79,87,93,52,98
8,23,81,65,26
52,71,87,77,71
92,20,89,67,50
97,68,79,92,58
28,8,22,17,50
21,83,85,71,10
10,98,24,99,60
22,90,63,86,95
79,29,71,85,71
78,93,41,30,35
95,34,20,48,23
59,95,80,2,85
71,48,30,11,78
49,32,38,42,5
2,99,46,67,13
37,16,15,14,92
78,56,50,88,25
70,6,14,89,79
50,86,88,93,88
3,7,25,46,50
95,71,18,49,56
89,20,13,72,89
39,23,38,96,32
52,65,3,7,80
4,94,31,73,83
49,7,49,77,40
91,10,16,5,45
91,75,50,98,55
68,33,70,34,68
31,11,90,99,64
97,69,75,53,87
86,74,4,90,93
81,99,1,75,31
32,6,41,30,59
53,48,49,33,26
13,82,45,48,52
60,68,27,72,82
88,12,97,22,4
80,90,15,9,20
54,90,64,47,36
18,22,46,47,1
79,50,2,31,83
11,7,23,22,51
100,18,64,42,88
31,22,12,37,38
2,52,38,87,96
71,25,78,43,13
2,31,20,10,11
91,45,57,29,35
54,94,80,82,79
43,66,91,69,22
40,64,64,68,79
92,98,32,45,18
72,16,88,68,65
65,47,79,49,36
67,10,15,8,36
20,97,58,71,56
58,59,51,58,75
26,21,34,91,97
38,90,59,3,35
21,68,48,63,88
8,63,70,69,31
96,64,66,90,98
93,44,46,93,19
28,26,56,5,81
2,63,13,69,30
34,60,72,84,29
55,18,14,97,59
81,19,32,82,99
97,9,56,92,86
26,76,2,4,31
20,98,19,3,23
89,1,16,66,41
68,63,52,32,99
86,53,23,91,73
67,14,8,38,33
87,67,38,15,88
80,90,38,36,34
78,53,23,11,96
26,23,41,30,47
72,3,80,6,94
29,29,51,28,38
43,60,92,49,57
75,28,64,24,29
18,12,78,30,56
86,48,62,5,35
34,32,92,75,13
49,39,49,69,58
22,58,53,60,15
24,84,99,100,16
53,21,42,25,65
100,16,98,32,96
16,18,81,80,85
32,1,47,95,66
15,23,25,84,55
62,22,33,92,39
19,19,64,50,47
58,46,68,9,66
38,36,53,75,1
79,10,19,45,78
75,75,93,71,56
75,98,71,29,17
58,91,26,52,75
33,96,35,74,98
87,86,44,32,59
51,75,39,6,19
62,17,86,8,17
7,40,28,35,20
46,70,76,48,23
85,29,86,35,69
39,93,89,24,52
59,48,65,46,13
28,18,46,78,63
49,88,64,45,48
50,10,1,72,32
27,90,14,4,15
3,18,96,43,29
32,75,16,21,98
38,56,47,77,17
80,89,91,69,50
70,15,68,42,60
42,49,95,15,67
81,77,97,95,9
83,45,87,67,23
25,68,76,44,82
41,82,74,81,17
1,53,24,75,91
48,68,40,22,71
70,96,13,71,3
5,98,70,41,82
19,60,6,60,41
42,48,34,15,82
86,44,40,44,70
18,20,41,84,8
68,99,96,95,79
91,71,39,95,33
92,10,42,14,51
63,5,38,98,37
43,11,94,44,77
54,55,93,19,26
82,53,66,12,92
19,58,65,16,76
46,80,72,80,92
31,52,9,18,92
39,33,24,69,87
52,14,23,94,46
65,14,45,24,25
73,97,64,35,43
77,6,65,61,1
35,8,15,100,44
86,97,13,96,50
88,23,99,50,21
84,66,9,86,6
17,81,1,39,52
86,15,1,65,48
23,3,69,89,17
4,92,22,34,22
67,69,50,25,90
68,30,53,86,91
62,49,18,82,20
7,100,95,39,94
32,53,71,81,98
19,39,36,87,65
18,22,74,16,49
86,92,64,17,96
61,73,30,88,20
24,29,49,34,30
6,22,22,66,69
85,6,66,15,85
62,40,77,69,17
3,96,90,96,95
65,36,80,62,94
70,92,50,79,67
36,40,5,35,74
49,5,76,44,50
85,100,62,57,88
73,56,69,68,7
9,55,38,53,6
16,2,16,78,7
57,83,62,67,19
19,86,72,8,3
40,40,27,46,47
31,82,92,77,33
90,44,35,12,69
34,69,22,11,52
25,97,77,40,66
41,33,25,99,38
74,41,61,100,33
8,55,100,74,7
30,65,56,31,79
78,33,96,14,79
69,36,8,1,88
80,92,78,96,83
81,24,94,99,90
23,99,90,80,81
61,86,61,24,84
54,88,47,30,83
52,14,2,58,32
13,44,20,97,43
72,95,44,1,48
2,98,55,85,62
43,48,97,98,19
82,25,49,99,17
77,45,27,16,90
48,84,19,82,3
36,89,63,49,99
21,10,66,25,7
38,72,78,4,9
2,99,86,62,88
15,17,83,96,79
53,72,31,56,85
63,6,60,51,40
56,65,59,78,58
26,3,38,66,18
22,22,88,70,96
70,58,88,85,82
53,86,28,23,100
75,27,27,2,64
55,57,99,48,85
67,45,99,22,36
79,13,25,68,99
50,21,38,18,32
65,8,11,54,9
84,71,91,51,41
18,99,26,40,22
55,95,18,85,31
59,65,82,80,59
19,58,86,1,23
73,73,66,98,17
20,82,85,6,99
33,95,5,40,100
28,51,55,67,25
46,65,96,22,34
57,8,7,54,91
57,89,31,15,98
69,58,32,84,14
39,50,12,76,84
60,44,35,48,98
9,71,29,89,47
8,35,1,71,47
35,36,5,97,50
32,48,77,54,47
89,18,32,7,7
94,30,65,87,64
32,48,29,47,33
47,87,27,9,32
63,32,54,53,26
28,81,47,62,30
8,86,2,72,30
94,71,46,68,28
86,78,34,70,44
62,79,95,66,77
14,48,8,77,29
16,6,41,56,25
100,12,17,10,99
81,35,12,36,4
60,49,34,94,27
15,22,70,86,65
51,84,72,35,66
3,6,94,93,24
69,21,17,10,90
56,80,5,96,33
22,23,70,15,97
20,87,42,21,84
40,36,20,80,62
23,96,83,58,39
41,37,90,82,41
18,38,17,79,57
77,27,40,48,76
88,91,21,32,30
97,79,72,90,65
56,93,8,21,27
76,97,35,56,87
100,40,43,93,56
36,81,56,94,51
45,32,67,33,62
39,54,72,61,93
24,79,73,12,52
18,4,30,42,28
73,3,67,50,52
69,32,30,31,63
49,66,43,42,66
88,12,29,7,29
74,53,89,80,1
54,79,93,29,97
75,21,65,51,42
1,51,61,24,3
55,64,27,88,49
42,41,9,97,14
13,11,21,85,18
94,15,23,93,29
26,2,74,12,74
42,75,32,32,49
78,94,74,29,47
59,41,72,47,56
35,22,92,34,66
87,32,30,13,30
91,97,73,82,59
14,34,8,63,47
46,45,82,76,37
55,21,55,66,76
37,74,81,3,53
91,40,14,3,59
1,98,11,19,31
71,88,67,56,13
10,67,6,19,22
46,64,6,82,55
18,53,33,5,75
18,97,28,100,21
54,94,23,34,83
92,95,5,49,50
26,32,49,56,40
32,86,58,34,81
48,35,16,55,41
85,22,26,25,23
48,67,54,100,81
75,61,19,40,76
52,66,21,77,31
93,60,17,97,95
33,93,1,69,50
13,55,45,96,83
85,12,24,21,75
30,51,17,6,46
62,93,31,80,42
23,47,41,31,36
100,63,5,5,49
97,16,29,75,33
60,63,25,54,40
28,80,85,3,32
100,16,60,89,12
58,71,86,23,86
71,61,85,97,82
36,9,5,30,65
88,12,9,57,81
85,12,37,83,97
71,51,73,64,33
33,14,47,15,36
31,15,28,96,39
33,37,76,81,25
82,86,27,65,77
74,53,73,31,39
98,88,100,80,22
59,63,40,49,75
16,55,97,22,23
91,30,40,32,18
61,63,21,35,63
57,86,82,22,93
70,2,100,20,46
26,45,86,44,9
33,8,41,44,67
93,6,39,44,15
47,11,88,49,12
25,15,53,51,42
35,62,58,49,88
32,98,41,78,4
56,37,4,33,2
52,54,45,83,7
4,84,67,87,62
9,75,25,81,76
24,14,40,95,77
1,61,48,72,17
97,82,76,79,39
13,11,95,47,25
86,8,43,21,46
67,79,42,13,88
21,22,61,92,67
53,86,53,98,80
51,8,86,55,97
19,71,42,12,24
59,100,67,36,36
20,69,12,48,24
23,21,40,21,65
67,51,75,91,43
75,82,37,61,28
55,79,55,7,20
25,80,47,65,37
26,43,76,37,13
58,73,79,32,28
6,39,72,6,47
67,69,22,16,18
4,70,21,92,7
85,19,18,33,42
31,32,90,63,39
43,94,33,41,66
48,57,84,79,1
4,64,32,82,23
46,99,62,96,54
66,46,73,46,5
12,91,56,60,83
10,14,93,45,96
17,83,77,62,37
80,69,82,78,77
42,35,2,73,13
96,91,9,45,82
53,16,61,2,63
7,70,69,60,11
17,12,86,76,92
28,78,41,81,85
16,97,74,84,18
73,45,26,88,46
60,71,55,12,86
18,24,11,71,14
22,19,14,45,64
18,51,15,98,33
1,21,2,43,56
79,35,60,33,62
65,86,20,42,82
68,59,39,23,5
12,69,62,48,12
50,68,3,95,46
51,71,47,24,28
70,28,22,26,34
61,92,37,23,59
84,83,43,43,93
2,88,92,63,29
100,27,76,61,5
62,36,18,93,57
29,90,6,10,13
14,7,30,9,8
40,56,33,29,100
12,13,45,78,40
24,69,15,63,31
5,84,40,79,6
6,25,16,95,59
69,87,41,58,57
59,54,75,12,36
24,7,16,85,35
78,2,86,7,89
37,90,23,44,9
88,58,28,47,20
85,61,25,57,9
76,19,27,82,42
3,50,63,34,60
11,27,46,60,45
90,47,26,34,49
57,5,39,58,2
47,18,70,23,7
47,17,58,17,94
26,78,26,66,57
84,43,78,42,14
47,54,61,9,78
80,43,77,64,25
71,42,36,81,11
64,90,79,54,83
42,68,78,13,20
65,63,72,99,20
8,57,14,43,19
2,40,90,27,8
40,8,77,73,61
86,22,72,98,79
1,95,58,43,66
97,64,100,11,42
81,27,27,10,26
55,74,21,68,33
25,21,40,60,24
69,46,4,43,71
24,21,99,2,43
26,54,70,75,56
72,40,55,35,26
55,63,26,82,68
51,94,51,2,10
25,36,89,54,20
7,30,35,24,48
97,78,97,6,59
13,15,29,44,20
2,31,55,19,38
65,21,26,92,49
22,25,22,1,98
55,23,4,30,7
9,17,7,49,93
61,13,13,16,49
85,49,34,83,80
48,66,8,67,46
40,19,15,96,64
24,23,95,66,55
69,45,69,75,76
20,20,31,65,98
81,1,49,46,24
36,69,18,89,30
45,88,43,3,56
93,99,7,46,13
55,90,100,94,53
39,25,32,53,72
34,40,96,64,98
11,62,50,20,34
87,84,71,47,23
8,67,59,74,67
98,1,45,59,16
93,68,85,58,22
47,15,96,7,51
33,93,48,94,88
23,93,30,3,25
14,34,21,38,94
20,33,24,89,91
80,5,51,55,39
93,23,67,8,30
38,35,72,83,38
39,38,93,25,43
77,18,35,5,76
90,19,96,63,97
82,26,50,90,70
53,80,99,9,62
81,12,77,32,5
78,58,61,54,93
48,85,13,71,81
95,58,55,80,89
17,68,36,2,79
74,15,4,12,24
4,80,49,45,20
62,51,68,30,56
39,67,77,9,8
16,96,69,31,90
91,70,86,55,6
44,15,53,77,87
54,5,1,95,1
43,67,55,25,59
63,33,81,48,62
69,8,14,48,49
49,99,91,84,77
45,54,1,92,60
32,48,52,58,20
43,90,38,97,48
33,2,80,43,50
28,24,31,66,43
15,10,66,94,20
2,65,2,19,26
16,3,95,13,48
10,73,34,88,43
8,11,65,97,5
84,64,12,31,37
6,27,34,65,25
66,20,98,93,52
88,40,58,38,78
95,90,66,62,65
64,51,80,98,73
96,11,9,82,47
14,35,67,82,64
21,63,43,79,90
62,68,43,4,76
29,68,61,49,66
75,21,30,50,86
28,69,59,50,10
6,50,45,18,31
58,97,92,87,92
34,48,17,17,23
100,97,41,44,67
46,63,90,38,80
43,60,82,8,45
42,80,40,16,81
21,96,25,8,70
82,52,23,1,23
34,85,36,32,85
96,2,92,92,68
20,77,35,15,95
6,48,76,26,57
66,23,9,57,91
65,37,97,77,73
77,55,94,21,93
11,90,35,28,9
88,48,26,32,97
41,7,4,49,96
92,45,97,60,20
53,83,95,40,20
12,66,72,56,66
97,92,21,77,44
59,48,70,44,17
54,58,13,73,98
38,70,93,37,17
18,43,56,82,54
47,54,97,92,28
26,85,97,6,73
79,87,38,75,29
13,41,84,31,79
68,40,34,32,30
79,48,31,72,37
76,60,26,21,1
96,74,51,13,81
56,14,52,62,44
1,44,61,86,59
68,79,25,44,18
88,28,4,23,71
5,44,21,92,32
66,47,17,94,22
23,19,28,47,58
16,37,48,34,82
58,51,44,53,41
4,51,15,43,63
39,12,92,54,66
92,20,27,73,25
76,14,42,49,38
3,16,91,36,64
20,6,10,24,92
43,86,73,29,61
9,43,60,69,8
96,72,48,72,88
41,51,40,90,4
13,47,20,57,93
25,34,77,71,72
23,68,76,59,42
27,28,6,76,5
11,49,2,11,92
74,47,11,39,12
87,1,92,72,18
33,1,82,79,29
72,43,16,97,90
84,27,41,6,47
52,75,14,64,51
44,15,49,6,92
74,16,5,28,100
40,43,81,90,5
34,28,55,23,10
81,25,24,27,69
34,22,87,82,21
24,61,49,59,61
61,35,78,26,41
27,46,16,32,73
35,27,62,74,46
88,97,45,91,70
70,92,25,72,67
8,68,37,27,45
12,42,66,60,16
76,53,71,30,100
32,62,68,14,76
40,19,79,79,12
66,80,31,7,60
59,52,57,98,86
68,10,12,15,14
50,18,73,63,69
56,39,28,91,9
46,73,43,81,32
11,11,49,54,27
57,18,70,48,5
13,88,13,21,85
26,38,93,68,79
37,51,42,15,32
46,76,60,64,78
54,42,74,36,70
85,85,3,87,98
66,68,94,73,81
74,24,73,100,49
10,9,51,87,52
88,10,59,9,47
96,25,94,99,93
70,53,54,33,73
68,77,8,32,2
82,76,61,87,64
33,92,26,3,60
21,13,15,49,57
90,68,69,46,88
26,89,35,71,9
73,73,75,54,89
51,30,57,3,4
77,56,47,69,4
58,41,77,45,64
16,20,86,31,43
1,32,9,96,53
30,22,35,92,88
60,20,73,77,34
44,76,29,8,67
30,80,78,18,19
74,87,94,80,19
63,33,83,73,92
78,32,68,17,48
24,13,99,20,29
31,70,70,54,57
21,72,7,10,29
69,69,15,52,95
61,27,7,97,70
40,20,13,29,85
3,89,16,14,23
36,18,21,5,54
68,14,51,48,72
1,4,6,37,4
70,94,10,57,98
12,70,27,47,48
76,17,97,55,12
86,5,35,98,100
87,12,28,39,94
65,29,13,98,44
85,80,87,22,38
51,34,65,83,37
34,97,50,16,37
10,1,72,87,33
25,17,14,68,18
97,70,85,10,94
76,93,45,19,75
2,69,14,96,64
58,14,99,25,35
39,49,43,93,70
70,52,37,86,62
4,89,94,47,27
36,34,33,4,91
47,73,60,70,45
82,44,64,12,8
71,44,9,85,21
51,36,45,83,17
66,24,46,33,95
54,50,36,86,74
61,86,58,7,27
39,100,2,80,8
37,25,88,71,61
26,54,69,20,17
78,15,2,43,23
87,90,96,60,36
27,11,23,67,30
96,29,27,85,57
46,14,25,59,68
49,46,71,21,57
16,27,78,13,23
52,96,85,21,16
52,86,42,12,84
54,83,60,82,56
98,55,80,67,36
50,60,37,19,2
10,39,97,68,67
67,8,86,33,73
79,43,95,37,16
57,21,27,56,14
70,98,41,15,23
67,71,34,60,91
87,93,96,50,24
70,11,65,27,9
35,92,7,49,50
59,63,7,23,35
4,82,10,57,25
49,53,21,4,11
18,93,84,21,90
94,23,23,22,6
95,64,16,62,84
74,34,9,79,69
41,19,8,13,47
76,100,93,72,10
31,100,90,61,82
22,41,86,88,21
74,61,93,64,70
2,36,86,58,4
4,40,85,79,92
33,41,11,4,52
2,79,20,100,69
83,20,18,17,35
29,67,6,95,91
52,61,25,92,3
95,47,59,39,74
57,33,97,97,54
49,50,44,7,49
27,50,94,54,74
29,28,59,90,98
76,99,51,39,50
85,97,47,48,61
23,16,34,27,5
47,50,61,73,54
39,84,82,29,80
48,45,5,89,61
47,65,9,4,17
67,39,90,78,39
63,7,2,51,45
14,12,84,87,71
84,92,64,60,66
51,2,60,62,4
67,3,50,20,51
62,73,8,75,75
24,44,62,70,16
93,88,82,36,35
60,54,54,29,73
52,30,92,63,78
81,14,30,25,60
64,49,6,89,6
94,91,29,72,5
69,64,63,88,68
37,19,1,98,67
61,71,21,36,95
97,27,78,52,33
83,55,36,77,90
27,100,19,55,10
18,68,3,4,91
81,19,92,10,29
70,73,15,69,39
50,39,50,54,91
6,12,49,93,99
47,6,76,41,69
71,93,12,45,98
32,69,55,30,65
20,57,8,64,41
48,66,86,45,79
13,44,99,99,97
100,66,99,1,92
4,94,47,14,9
51,83,55,92,7
20,20,90,9,70
4,63,27,36,26
54,69,54,21,32
29,69,11,8,100
42,63,68,78,85
86,61,94,7,30
31,80,5,67,57
4,54,96,89,96
19,21,28,13,40
13,85,38,5,11
16,66,52,85,81
34,72,92,14,24
5,56,15,90,97
15,79,81,35,20
89,58,35,9,87
64,7,12,31,68
53,95,3,62,82
1,43,12,40,84
39,45,14,8,37
71,58,58,28,78
44,64,43,40,40
99,6,63,93,21
78,2,37,30,51
4,40,71,86,24
1,78,36,59,95
7,48,94,51,76
60,52,55,60,43
7,86,92,1,75
100,76,70,75,5
87,88,8,74,6
10,21,75,39,30
10,84,30,93,69
98,21,75,64,84
14,94,56,28,54
70,99,96,20,39
99,62,46,60,86
46,20,98,3,28
70,41,41,68,47
96,59,62,45,86
36,14,59,13,65
48,40,95,35,62
72,56,55,62,31
35,17,1,61,65
93,40,100,83,62
46,82,24,57,69
32,60,24,96,46
57,36,27,10,50
95,25,31,19,20
46,5,28,23,100
62,55,18,66,88
4,4,83,73,71
60,40,16,7,69
36,17,78,35,94
43,37,94,60,90
98,3,12,37,1
24,56,5,18,94
98,15,7,91,83
95,48,39,17,56
79,97,90,87,41
69,63,42,95,77
44,72,49,17,83
100,60,67,75,76
79,15,70,13,38
91,84,65,48,4
39,7,47,42,41
28,26,74,56,45
17,61,7,18,10
73,7,31,68,25
55,53,87,67,53
77,24,65,96,61
98,50,33,53,70
20,24,45,9,20
26,9,16,29,37
70,99,62,97,21
27,6,48,11,23
7,63,95,40,17
36,46,29,61,56
78,79,99,58,85
66,63,86,76,79
29,98,85,22,69
33,13,26,50,79
100,71,15,66,29
71,16,94,52,23
66,69,74,39,96
95,23,31,66,94
88,38,37,58,91
10,30,78,85,45
66,9,34,47,97
88,59,72,48,48
99,53,58,25,41
86,90,74,35,27
33,38,61,36,23
1,95,55,87,45
97,93,32,42,68
35,17,75,37,82
3,97,98,83,50
52,7,59,75,78
10,67,11,16,92
98,72,9,19,51
81,32,100,58,15
87,98,4,55,58
95,37,58,62,19
68,95,72,20,25
79,38,93,51,2
29,8,59,5,50
69,85,14,4,42
93,89,60,93,2
12,27,48,44,95
88,62,63,69,96
5,43,15,49,93
16,26,54,9,1
53,77,57,2,98
46,68,54,98,95
23,80,71,96,62
21,84,91,98,83
91,49,91,80,32
34,30,93,5,52
70,23,58,28,71
40,76,94,100,76
93,34,5,84,39
92,25,63,80,77
44,74,99,77,84
93,66,28,51,90
16,7,48,32,56
59,22,2,13,72
97,66,51,74,30
25,71,86,8,38
27,63,51,10,91
88,57,32,61,13
50,11,41,38,48
91,65,85,88,82
11,27,80,34,47
45,50,10,29,27
87,58,54,49,53
12,34,9,64,23
42,83,48,79,13
45,15,94,35,39
46,33,21,87,18
71,5,16,25,64
50,64,29,2,4
33,11,28,97,24
63,90,28,58,63
85,75,75,85,42
22,2,28,86,64
87,40,52,35,62
36,65,19,92,84
28,94,1,32,72
29,29,30,13,17
54,49,19,30,89
52,85,62,15,15
3,3,60,29,18
63,4,95,20,23
94,68,11,4,27
5,57,79,53,12
74,21,46,85,86
2,98,83,43,86
45,98,100,5,64
35,60,71,36,58
74,68,16,28,15
50,65,88,50,100
61,97,67,43,90
84,83,87,67,40
64,15,55,99,23
73,4,16,70,90
27,21,16,47,26
76,64,38,73,64
64,97,73,63,95
87,59,77,18,40
98,2,39,77,14
2,59,39,75,17
64,86,39,91,29
75,38,53,10,56
12,21,71,44,74
94,12,88,41,28
6,93,20,51,87
39,24,9,44,63
77,37,73,95,12
69,84,76,46,85
80,64,90,16,78
65,34,24,3,76
84,9,76,73,68
27,68,67,20,16
84,50,74,75,8
19,100,96,92,96
77,50,94,72,6
52,72,47,51,16
96,41,75,60,4
80,18,98,31,70
56,68,63,22,28
12,43,89,35,81
27,56,24,93,72
65,65,38,31,88
68,68,67,31,3
15,100,29,10,67
63,34,81,98,48
51,21,54,49,51
61,62,44,45,59
38,13,34,62,91
11,42,53,81,89
4,46,86,99,9
59,96,64,42,1
10,19,18,20,94
57,58,75,53,58
76,20,87,65,17
44,64,16,97,22
4,41,97,22,66
5,39,48,51,44
91,22,61,87,22
61,87,30,96,78
56,23,23,96,7
59,99,66,91,86
59,60,85,8,43
44,35,15,11,83
56,35,29,95,88
93,59,43,57,97
30,45,3,49,17
31,41,97,51,6
60,20,85,63,59
100,51,65,97,18
89,15,45,47,24
17,77,79,50,7
5,55,100,82,35
44,10,30,70,72
19,60,51,9,14
86,50,46,71,34
70,32,46,66,53
35,43,88,23,18
6,19,43,16,12
1,89,14,90,63
26,80,84,67,48
16,28,15,54,23
83,67,87,33,71
66,32,10,95,51
58,18,57,8,67
4,30,72,63,57
63,64,13,12,18
52,69,75,48,86
44,21,87,24,17
51,87,72,18,91
15,92,84,38,81
95,14,55,56,58
2,94,8,62,37
58,49,59,55,80
28,82,51,78,5
99,20,4,76,44
97,3,31,81,61
47,56,69,37,46
20,59,16,25,3
57,55,13,8,100
22,81,44,47,85
95,15,67,51,2
42,62,31,95,38
37,91,94,14,89
83,87,89,72,20
44,32,28,81,28
93,77,2,74,58
26,40,81,57,86
87,46,52,70,52
96,34,78,99,67
42,100,80,99,52
59,28,54,70,64
88,77,12,6,74
6,42,29,42,48
91,5,29,69,10
20,62,6,67,81
16,51,79,60,58
5,43,31,39,43
80,10,47,28,92
53,23,74,27,49
21,71,27,44,96
37,69,54,19,27
84,75,97,47,83
15,71,79,57,36
63,100,1,5,48
68,26,10,2,38
32,90,98,7,97
14,100,22,5,28
42,75,16,73,12
85,19,84,7,36
44,34,31,10,92
87,5,76,50,89
36,69,78,95,14
66,13,4,35,12
59,7,62,65,2
5,4,40,42,37
65,36,50,13,76
68,42,92,78,32
63,40,32,11,3
44,58,25,76,90
67,85,73,28,36
14,55,86,98,92
29,2,47,59,35
31,66,57,68,65
33,74,46,40,35
26,66,76,66,30
55,27,54,18,50
52,60,63,25,16
72,82,47,92,89
79,70,88,12,33
73,88,5,59,21
84,92,65,2,53
10,90,43,65,85
52,82,60,47,46
18,69,29,97,85
8,21,46,22,10
85,72,27,84,53
20,22,38,10,35
15,19,57,51,4
2,81,30,89,22
11,82,9,72,2
54,85,17,81,11
44,36,99,6,20
48,54,44,40,77
78,9,30,89,43
20,74,83,28,88
40,30,19,93,8
25,73,70,2,7
29,29,50,4,86
74,68,68,98,35
52,81,17,35,96
95,83,74,75,27
18,61,72,12,24
8,99,46,98,68
37,67,20,95,58
49,55,40,84,64
59,96,69,58,11
62,44,75,27,49
56,94,48,55,99
15,40,62,87,94
13,16,50,6,49
20,97,7,30,75
62,5,22,89,94
93,14,91,53,68
21,70,27,24,60
99,16,52,94,79
43,83,17,37,53
36,7,29,28,74
95,25,69,93,62
32,78,87,43,20
14,64,90,16,80
37,35,87,8,84
97,22,95,43,93
42,70,93,82,54
42,72,35,5,36
96,13,7,82,98
21,7,37,69,71
24,48,34,7,28
11,5,7,51,33
79,58,97,99,45
91,54,38,96,93
49,14,62,10,83
19,1,53,54,56
18,79,67,27,89
19,28,8,64,86
50,27,13,1,25
4,30,84,20,72
56,94,77,61,65
53,6,42,85,65
78,41,36,98,6
71,54,19,41,69
3,68,44,18,64
69,50,92,34,1
33,74,95,9,67
25,15,80,31,1
11,20,11,3,31
7,8,41,17,97
45,33,2,45,95
61,62,78,64,93
87,10,96,68,89
62,75,69,41,29
100,94,33,33,9
80,73,27,53,89
53,84,23,63,50
55,58,93,87,20
99,52,53,68,88
82,29,32,84,20
38,54,33,18,69
26,79,13,49,93
95,11,75,40,18
16,57,13,34,1
16,44,18,73,70
16,68,91,75,1
42,44,85,59,39
30,96,91,67,34
19,59,20,44,87
91,83,62,36,37
32,75,42,19,50
21,94,68,52,38
51,45,34,1,14
37,95,21,33,51
25,95,65,17,85
3,69,39,55,30
30,22,24,44,92
5,6,47,67,92
90,41,56,41,60
56,12,23,76,44
32,22,71,97,63
79,58,3,86,6
84,88,10,69,4
43,22,38,91,35
13,94,30,61,98
53,48,18,94,73
7,39,94,74,99
42,33,97,1,33
69,94,36,22,26
43,71,87,86,77
5,78,50,54,82
60,48,32,42,10
16,92,73,99,11
90,33,69,96,28
56,67,43,76,51
44,3,97,46,55
76,67,96,37,50
42,54,48,46,68
77,83,11,80,45
14,80,70,41,21
88,50,56,62,61
3,81,14,18,1
50,96,85,15,29
44,65,49,75,69
52,1,1,47,32
98,14,80,72,1
20,22,10,16,26
67,2,46,54,70
88,4,20,84,50
36,4,53,59,100
22,96,55,66,20
81,49,63,62,68
46,44,58,30,98
81,75,94,20,89
19,72,13,84,75
74,64,69,72,90
88,47,68,41,22
94,50,43,30,63
62,96,95,91,65
98,78,73,5,56
70,52,46,36,97
4,25,2,4,68
100,50,66,17,86
51,64,72,4,21
3,15,70,33,22
13,36,50,50,5
28,81,58,52,55
53,79,95,41,48
77,7,59,64,32
62,85,65,22,93
92,93,56,31,40
62,27,4,10,66
76,6,17,45,67
6,60,85,99,55
39,89,26,80,84
28,47,48,64,12
66,4,24,58,65
46,30,73,100,38
47,33,37,51,95
1,46,51,31,54
91,74,41,80,32
75,89,31,69,45
45,39,53,22,64
1,48,23,14,60
81,29,61,25,10
53,13,66,29,62
55,55,78,88,58
51,43,33,64,5
98,51,59,15,30
47,73,79,59,32
31,88,81,3,93
87,60,100,99,87
65,31,56,57,73
85,41,5,6,59
96,86,89,25,71
45,10,88,45,23
65,43,20,52,67
59,34,37,1,63
49,70,51,3,94
31,2,68,32,4
64,16,81,68,18
76,14,59,11,46
99,66,64,43,10
30,30,77,89,43
20,13,90,38,94
75,60,16,11,72
33,52,92,14,92
38,68,28,97,45
91,88,41,30,85
82,37,94,65,28
50,31,84,88,72
94,66,91,87,11
31,1,99,53,92
34,95,26,81,42
8,48,31,10,58
9,30,77,43,36
53,97,64,1,78
54,44,50,16,100
89,12,19,63,59
63,45,41,75,63
91,72,21,94,89
39,98,83,55,94
39,68,24,5,37
40,8,53,54,39
73,28,93,38,81
62,47,40,43,6
44,96,38,16,65
53,20,8,16,88
14,2,56,11,47
26,97,1,74,46
62,35,80,36,100
49,12,33,62,8
68,67,39,4,53
38,48,41,84,25
26,95,51,89,1
38,75,11,7,27
33,80,65,33,77
33,62,91,25,22
36,93,66,4,3
7,19,51,77,54
64,67,69,76,15
29,74,77,83,29
13,21,55,77,56
48,2,64,43,32
30,73,92,53,20
30,9,25,41,26
13,59,26,37,7
37,53,92,71,78
53,71,36,73,11
11,25,65,77,43
82,49,67,57,58
17,22,58,79,48
83,17,16,18,25
97,50,60,91,19
16,48,68,76,49
84,5,51,55,91
64,58,21,84,76
56,75,59,24,47
67,89,73,90,68
91,56,47,6,32
53,12,69,12,16
44,93,71,43,27
47,55,85,40,70
15,52,74,6,78
50,90,34,58,73
2,58,18,6,59
6,93,89,18,63
65,58,17,90,49
59,56,97,57,73
60,36,34,44,18
31,93,80,11,89
3,12,32,40,40
95,19,54,28,88
95,28,11,65,22
17,18,11,46,33
55,73,22,5,76
97,82,65,90,42
77,60,21,79,7
100,32,24,52,1
46,73,67,79,25
6,77,82,9,32
95,81,69,90,67
66,36,17,77,5
35,87,40,23,53
68,84,51,29,32
26,26,77,11,34
61,51,3,29,86
13,78,67,95,24
63,76,45,71,16
26,49,99,33,50
11,28,99,65,96
97,51,56,4,28
53,16,46,36,27
9,47,39,66,20
40,67,37,68,85
13,71,97,35,15
84,18,62,63,50
12,37,9,1,71
84,17,13,1,54
16,11,96,79,27
37,55,74,71,68
52,65,34,19,94
58,24,31,34,17
6,50,5,52,33
85,75,8,71,83
23,79,69,45,33
84,71,46,37,41
14,13,6,24,63
69,10,74,44,29
23,92,62,47,35
15,58,66,84,1
24,30,9,30,35
44,70,100,18,36
31,33,28,42,19
51,39,35,33,69
65,72,74,45,66
91,4,7,60,39
13,96,97,88,69
79,55,69,51,77
97,44,16,29,34
62,44,94,30,96
89,67,17,32,51
34,49,88,52,11
29,46,9,46,60
48,75,83,12,44
61,52,31,36,81
89,57,50,52,48
36,13,66,7,57
75,34,37,91,83
7,11,7,62,84
22,68,100,63,19
55,55,5,40,8
44,68,83,44,43
7,24,44,55,45
97,84,33,99,91
11,26,12,2,34
74,48,25,40,51
5,63,54,41,64
50,64,84,92,60
25,27,64,12,8
14,13,77,12,24
3,61,57,96,60
13,30,86,62,45
78,52,64,43,30
29,91,81,40,52
82,52,69,48,82
71,68,88,82,80
73,76,82,59,47
74,2,59,66,42
28,38,87,88,41
39,63,2,16,4
90,65,96,47,75
39,36,85,41,70
79,6,50,94,1
9,92,36,31,50
76,59,15,95,3
5,33,61,9,68
65,50,89,13,92
65,62,75,84,71
74,42,43,78,97
64,49,74,2,67
89,93,14,30,16
14,99,1,10,72
68,2,20,35,98
4,12,14,70,76
76,39,86,36,35
91,24,24,18,81
19,97,11,84,41
4,88,53,56,97
87,73,50,95,54
84,21,28,61,63
39,22,66,17,17
54,75,45,10,23
4,29,91,52,6
27,95,86,50,29
34,27,92,73,96
82,63,94,98,9
28,52,3,99,100
33,63,99,59,25
65,82,80,68,38
21,10,54,68,60
72,100,70,61,45
20,98,97,69,17
7,33,65,16,96
62,51,97,67,75
34,22,39,7,43
84,29,14,2,40
85,86,69,22,48
92,4,56,63,57
62,46,11,97,58
4,77,81,45,45
83,88,22,93,20
50,60,14,15,6
13,6,78,15,80
19,90,85,57,22
4,83,42,74,63
8,98,89,33,13
23,4,63,46,76
16,4,99,47,38
32,47,73,8,50
99,2,1,13,59
5,17,74,66,84
85,43,12,39,12
11,90,43,46,34
99,18,67,50,30
25,9,98,15,38
59,59,52,15,63
15,13,81,71,93
79,54,75,52,79
7,53,62,18,18
100,35,15,6,38
27,26,10,40,27
29,20,12,14,30
29,60,30,10,51
27,73,13,9,58
73,99,72,19,59
26,70,93,60,92
59,30,91,81,74
46,27,52,41,95
32,32,11,74,82
14,92,16,63,59
37,7,97,2,15
15,85,74,74,72
69,42,40,92,42
84,88,94,28,7
86,37,44,93,27
14,77,41,51,5
96,14,94,68,55
74,15,46,35,76
33,83,100,46,76
77,69,54,58,39
21,36,57,51,74
28,97,14,49,71
69,57,37,78,41
18,3,46,60,82
5,34,99,1,85
27,31,10,20,69
74,47,79,17,11
15,92,48,68,4
27,61,5,100,33
76,43,90,43,59
29,48,53,31,53
50,65,56,50,34
66,72,33,14,20
52,39,19,7,31
39,90,45,14,41
40,88,97,64,20
60,3,80,95,13
5,23,77,38,6
61,34,29,41,18
13,86,80,36,43
87,51,97,49,45
7,36,45,97,4
86,73,70,90,66
85,90,17,37,98
14,35,48,44,8
58,67,15,48,68
32,39,31,77,38
11,1,65,25,98
23,99,97,85,90
11,29,89,31,21
83,47,69,64,10
17,87,77,13,5
79,40,17,27,58
62,20,25,23,62
6,69,14,64,52
9,68,30,43,95
83,58,19,89,46
95,56,73,28,17
19,42,90,17,4
85,35,73,44,59
6,72,68,63,71
36,32,91,18,40
86,81,57,98,1
80,69,49,35,70
41,43,9,96,91
11,7,14,46,44
74,52,24,58,53
33,83,9,53,75
62,28,24,36,38
25,91,82,61,10
49,4,64,81,17
42,44,84,15,46
51,16,41,73,11
25,72,14,14,77
92,77,93,87,33
32,91,34,57,1
75,86,69,88,15
68,70,44,24,75
75,64,12,55,55
53,12,80,53,26
95,5,6,7,39
51,1,84,40,54
100,100,15,55,66
100,46,51,81,20
90,81,68,74,63
72,96,40,93,31
62,41,48,40,48
5,47,32,13,32
11,65,85,11,50
97,63,15,27,66
72,5,38,9,97
94,70,26,65,15
70,34,69,16,29
78,4,40,34,24
83,51,71,95,59
69,54,23,96,24
47,32,6,38,78
37,69,86,80,95
67,26,84,25,11
31,33,68,72,82
19,91,12,82,44
90,37,62,14,70
48,59,66,87,32
67,26,11,9,7
55,3,45,2,27
30,100,80,54,42
73,87,2,64,70
60,29,83,8,12
27,35,29,55,59
6,90,64,65,39
46,58,100,98,43
76,32,47,60,73
42,34,51,24,53
98,7,63,26,49
5,43,87,39,59
26,84,27,36,58
40,22,38,78,43
61,74,50,100,24
83,61,59,63,55
91,42,72,5,8
83,20,89,24,2
75,7,70,72,68
73,98,15,37,26
93,11,55,52,6
95,90,80,16,82
86,68,17,2,94
35,86,24,91,75
1,42,91,7,58
78,87,61,50,56
1,70,18,54,35
68,21,78,90,42
34,92,24,18,98
65,87,80,29,65
60,59,67,52,74
97,51,34,1,71
27,92,68,93,55
80,65,8,56,28
13,62,36,59,15
89,8,18,71,29
70,22,32,83,62
16,100,65,51,31
66,69,44,16,13
53,10,24,73,32
49,91,69,75,91
12,49,17,100,84
59,56,6,35,74
83,57,74,45,36
41,81,88,11,60
97,14,93,7,19
80,60,85,82,47
90,93,75,69,88
3,95,87,36,13
7,24,42,63,48
42,1,53,58,99
47,73,37,87,100
82,70,68,27,63
21,35,75,4,87
93,31,90,59,85
8,8,44,14,18
77,31,91,97,27
19,89,68,40,42
59,31,6,100,8
22,14,70,3,81
53,63,97,20,23
12,97,72,94,1
87,48,86,74,87
10,39,54,45,86
95,92,74,19,1
77,48,48,14,59
1,29,42,47,98
52,38,56,32,28
25,87,89,71,42
31,23,89,52,89
77,27,57,11,47
35,80,4,35,28
19,47,60,19,32
58,5,98,37,17
54,4,62,96,64
39,39,50,27,51
4,52,48,28,1
91,66,17,71,10
73,30,60,35,7
84,39,68,74,38
32,10,56,80,3
40,5,58,25,8
13,8,42,67,5
47,63,27,36,18
68,68,40,68,5
2,18,85,91,33
1,7,43,22,93
32,84,3,89,92
5,76,2,92,35
71,75,75,51,88
15,52,5,26,35
93,67,3,24,48
16,40,80,82,61
52,24,7,92,97
21,23,3,15,27
11,44,90,86,70
71,36,86,62,52
2,40,55,82,6
95,86,27,9,37
32,58,18,18,49
18,29,51,45,59
59,90,76,84,52
62,12,15,23,48
73,100,14,25,20
84,78,27,13,45
88,73,59,87,85
40,69,8,26,81
71,51,18,80,80
23,62,79,39,95
84,54,51,29,88
86,12,72,89,20
6,13,34,92,72
18,67,77,73,36
49,52,88,72,2
55,80,14,22,91
62,25,29,38,14
100,23,30,45,52
73,16,7,21,22
92,57,8,74,18
67,41,2,14,79
95,100,47,61,51
97,64,11,69,26
40,48,8,57,46
16,55,89,77,36
33,29,8,14,60
18,4,76,88,31
36,9,28,32,44
33,58,85,37,55
31,55,72,88,81
74,99,75,58,39
62,56,33,13,49
87,35,25,27,10
35,2,98,27,1
41,79,50,31,65
19,48,6,19,84
66,94,18,73,7
24,59,93,86,66
26,43,28,94,91
55,74,99,34,43
93,98,76,84,32
18,90,9,61,43
42,96,44,26,77
65,54,29,41,47
29,11,83,41,93
77,94,21,52,12
81,80,55,91,47
56,29,100,65,28
33,18,38,96,85
82,40,65,41,36
92,80,85,69,52
16,57,79,91,17
13,77,45,27,97
91,15,69,38,98
26,11,27,25,48
91,19,24,69,42
17,84,87,2,46
64,34,51,60,76
76,95,32,43,73
42,67,54,2,34
66,79,55,52,45
92,25,40,25,34
43,79,61,89,58
98,5,67,70,58
70,4,94,85,16
27,46,68,29,91
6,25,100,25,82
22,84,95,100,18